f0,f1,f2,f3,f4,f5,true_label,pred,confidence,proba_class1
2.53779,0.2162,1.93602,0.27739,2.39749,1.13154,1,0,0.535,0.465
2.16247,0.53067,1.31784,2.97994,0.94868,0.6861,0,0,0.5355,0.4645
2.69962,2.42898,2.08271,0.56526,0.3297,1.9461,1,0,0.5427,0.4573
1.90996,2.60579,1.98301,0.6043,0.34416,0.85338,0,0,0.5212,0.4788
2.6213,2.65627,2.12656,0.78535,2.358,1.9628,1,0,0.5301,0.4699
2.39716,2.59223,1.55808,0.89982,2.74551,1.39576,0,0,0.5404,0.4596
2.01478,2.55914,1.47983,0.75408,1.30062,1.23831,0,0,0.5636,0.4364
2.53091,2.52592,1.99836,0.70646,1.40411,1.21075,1,0,0.5495,0.4505
2.08602,2.60771,2.21346,0.55598,0.19629,1.51417,0,0,0.5242,0.4758
1.65413,2.92203,2.40931,0.75394,2.01475,1.26055,0,1,0.5048,0.5048
1.65858,2.97934,2.62308,0.75242,2.17134,0.84472,1,1,0.511,0.511
1.5344,2.78305,1.42998,0.92202,2.62523,1.46613,1,0,0.5256,0.4744
2.60323,0.19102,2.06658,0.20763,1.92234,1.42185,1,0,0.5345,0.4655
1.62191,2.84111,1.93778,0.83723,2.31254,1.12225,0,1,0.5002,0.5002
2.02514,0.26907,1.59321,0.3336,2.44068,0.70154,0,0,0.5259,0.4741
2.69753,2.46121,2.03067,0.66235,1.08828,1.58196,1,0,0.5551,0.4449
1.36416,1.20994,2.80198,2.97884,2.12897,1.38403,0,1,0.5135,0.5135
2.49914,0.20902,2.23335,0.12153,1.30062,1.81206,1,0,0.5253,0.4747
2.54246,2.47436,2.04181,0.62546,0.72662,1.30739,1,0,0.5517,0.4483
2.42857,2.51314,1.99536,0.6641,0.98836,1.07697,1,0,0.553,0.447
2.14671,0.77912,1.63719,3.1445,2.73924,1.08489,1,0,0.5343,0.4657
1.42344,0.63892,2.54603,0.257,2.4282,0.37565,1,0,0.5028,0.4972
2.57165,2.46694,1.71209,0.68721,1.11114,2.13699,0,0,0.5789,0.4211
1.55013,2.9797,2.57354,0.74662,2.03683,0.83465,0,1,0.5134,0.5134
0.22232,2.82974,0.83294,0.85339,1.10917,2.24471,1,0,0.5134,0.4866
2.66572,2.54016,1.71234,0.88491,2.75319,0.48128,1,0,0.5176,0.4824
1.60492,2.81698,1.96644,0.81842,2.11142,0.56064,0,1,0.5074,0.5074
1.8708,2.94066,2.76218,0.71879,2.05127,1.40308,1,1,0.5052,0.5052
1.67295,0.39444,2.20412,0.13867,1.16976,1.00745,0,0,0.5202,0.4798
1.73643,0.43666,1.7788,0.33592,2.64535,1.50967,0,0,0.5232,0.4768
2.8012,2.24991,1.16998,0.73844,1.05938,1.22076,0,0,0.5339,0.4661
2.32065,0.31128,2.30246,0.20033,1.96767,1.43401,1,0,0.5267,0.4733
1.60242,0.52393,2.75055,0.05185,0.8926,1.37867,0,0,0.5013,0.4987
2.01908,0.21072,1.36089,0.33008,2.23733,1.08573,0,0,0.5336,0.4664
1.40746,2.66826,1.69556,0.68842,0.63689,0.43008,0,0,0.5137,0.4863
2.73783,0.15599,1.53031,0.38963,3.14636,1.53843,1,0,0.5426,0.4574
1.55754,0.38465,1.76549,0.26358,1.86079,0.72889,0,0,0.5274,0.4726
1.54638,2.76661,2.1075,0.65713,0.82463,0.93586,0,0,0.5181,0.4819
3.08593,2.42969,1.65745,0.84945,2.591,1.9382,1,0,0.5293,0.4707
0.94708,0.21982,0.59571,0.32383,1.24227,2.27768,1,0,0.5186,0.4814
2.72969,2.56616,1.86884,0.86769,2.77806,1.01187,1,0,0.5252,0.4748
1.89938,2.65668,1.53931,0.89324,2.43634,0.24142,0,0,0.5095,0.4905
1.901,0.27544,1.9956,0.11764,0.88903,1.15755,0,0,0.5235,0.4765
2.22696,2.69027,1.87607,0.81874,2.31074,1.7061,0,0,0.5373,0.4627
1.65012,2.78944,1.90018,0.82382,2.11075,0.53552,0,1,0.5034,0.5034
2.44823,0.19944,2.10129,0.16151,1.49455,1.36151,1,0,0.5297,0.4703
2.12043,2.54714,1.46184,0.83564,1.93915,0.54662,0,0,0.5348,0.4652
1.44322,0.43817,1.18394,0.48268,3.36158,1.92305,1,0,0.5161,0.4839
2.42715,0.2388,2.18948,0.14861,1.49723,1.93963,1,0,0.5304,0.4696
2.0999,2.56546,1.28582,0.89628,2.36929,1.10014,0,0,0.5322,0.4678
1.4536,2.98471,2.32983,0.81142,2.39029,1.0097,0,1,0.5159,0.5159
0.94216,0.32431,0.68625,0.40353,2.06264,2.50324,1,0,0.5096,0.4904
1.83974,2.61997,1.78713,0.66833,0.74761,1.27975,0,0,0.5497,0.4503
2.27526,0.11849,1.78209,0.13097,0.88933,1.10763,1,0,0.5337,0.4663
2.62987,2.19116,0.84315,0.75687,0.85305,0.6568,0,0,0.5188,0.4812
2.23492,0.20185,1.94372,0.17487,1.38879,0.82995,1,0,0.5313,0.4687
1.26789,3.00331,2.32782,0.78221,2.07821,1.11386,0,1,0.5146,0.5146
1.95369,2.87729,2.51955,0.77547,2.33048,1.04462,1,1,0.5062,0.5062
2.4722,2.52374,1.37535,0.93141,2.83325,0.6727,1,0,0.5251,0.4749
1.43729,0.01696,0.0795,0.39153,1.56035,2.67417,1,0,0.5002,0.4998
1.77158,2.74551,2.13,0.70037,1.26662,0.65295,0,0,0.5211,0.4789
2.03375,2.73524,1.79145,0.89016,2.75121,1.04815,1,0,0.5127,0.4873
0.73874,2.8706,1.12346,0.95102,2.35877,1.85618,1,0,0.5165,0.4835
2.07122,2.84947,2.42054,0.77451,2.3343,1.52695,1,0,0.5027,0.4973
1.95609,0.39548,1.72093,0.36982,2.95457,1.36812,1,0,0.5241,0.4759
2.64857,2.30031,1.3527,0.7139,0.90509,0.53238,1,0,0.5471,0.4529
2.78948,2.55954,1.9281,0.857,2.7418,0.80281,1,0,0.5187,0.4813
2.27032,2.46117,1.57592,0.67939,0.76348,0.9963,0,0,0.5611,0.4389
1.72789,0.46256,2.27803,0.20829,1.87961,1.05833,0,0,0.5198,0.4802
2.79379,2.26575,1.11605,0.78305,1.39613,1.03784,0,0,0.5247,0.4753
1.60202,2.78421,2.13799,0.68619,1.12085,0.83458,0,0,0.5182,0.4818
2.52578,2.45686,1.64794,0.77259,1.63897,0.41586,1,0,0.545,0.455
2.35491,2.50637,1.4578,0.78079,1.64164,1.62805,0,0,0.5685,0.4315
2.33735,0.24174,2.0124,0.22553,1.9383,0.99309,1,0,0.5309,0.4691
2.37798,2.70224,2.24845,0.76604,2.16043,1.71568,1,0,0.5222,0.4778
2.00324,0.77139,2.23147,2.85753,0.67042,1.26298,0,0,0.5129,0.4871
1.8163,0.40458,2.04055,0.25932,2.13755,0.93596,0,0,0.5217,0.4783
2.60507,2.51064,2.05603,0.69439,1.35611,1.26176,1,0,0.5475,0.4525
1.98827,2.56079,1.91971,0.61482,0.3723,0.8195,0,0,0.5273,0.4727
2.02524,0.34351,1.98452,0.25523,2.1306,1.33995,0,0,0.5288,0.4712
2.58708,0.08246,1.52176,0.25403,1.88707,1.48776,0,0,0.5443,0.4557
2.63911,2.49527,2.06153,0.67374,1.19659,1.13793,1,0,0.547,0.453
2.45393,2.42278,1.68481,0.68116,0.86076,0.7359,0,0,0.5569,0.4431
1.02843,2.54957,0.54527,0.82863,0.88047,2.42006,1,1,0.5135,0.5135
2.76844,2.58426,2.12831,0.78125,2.29233,1.84652,1,0,0.5283,0.4717
1.85125,2.56073,1.6559,0.65831,0.5273,1.20299,0,0,0.5466,0.4534
2.18686,0.61359,1.63762,2.90899,0.70939,1.48688,0,0,0.5299,0.4701
2.3849,2.6735,2.40552,0.68573,1.54976,1.20454,0,0,0.5204,0.4796
1.62633,2.85952,2.06555,0.82768,2.3114,0.79966,0,1,0.5115,0.5115
2.47137,2.55264,1.99234,0.74499,1.68554,0.63803,1,0,0.5337,0.4663
2.11576,2.82618,2.26573,0.81313,2.56117,1.46904,1,0,0.5067,0.4933
2.78639,2.38762,1.04677,0.95765,2.89954,0.96954,1,0,0.5131,0.4869
1.58727,0.91801,2.41913,2.82597,0.47262,1.0735,0,1,0.507,0.507
2.61227,2.33344,1.53692,0.68202,0.76145,0.57484,1,0,0.5509,0.4491
1.50845,2.92052,2.29074,0.79505,2.16281,0.50911,0,1,0.522,0.522
1.68104,2.81988,2.30832,0.68319,1.28262,1.2677,0,0,0.5183,0.4817
2.53544,2.47884,1.93353,0.69433,1.19621,0.65238,1,0,0.548,0.452
1.18484,2.47561,0.33461,0.87395,1.12431,2.42215,1,1,0.526,0.526
1.73652,2.81727,1.99518,0.85715,2.49778,0.3564,0,1,0.5165,0.5165
2.79481,2.32576,1.58647,0.69554,0.99638,0.79249,1,0,0.547,0.453
1.89178,2.466,1.06671,0.81328,1.34009,0.67826,0,0,0.5486,0.4514
1.67415,0.82717,2.37904,2.79339,0.09795,0.66345,0,1,0.512,0.512
1.88478,2.63958,2.17262,0.58239,0.28681,0.96707,0,0,0.5131,0.4869
1.78202,2.69836,2.09064,0.63311,0.68306,1.17641,0,0,0.5301,0.4699
2.33199,0.29269,2.10364,0.25941,2.31233,1.065,1,0,0.5282,0.4718
1.38935,1.12008,2.50422,2.98408,1.92522,1.38409,0,1,0.5029,0.5029
2.18283,0.27753,2.37102,0.07359,0.88733,1.61432,1,0,0.5183,0.4817
1.83955,2.94608,2.70411,0.72744,2.08914,1.53259,1,1,0.5055,0.5055
0.43635,2.85612,0.76133,0.9606,2.09263,2.50031,1,1,0.5185,0.5185
1.66106,3.01719,2.85315,0.70789,1.9979,1.56282,1,1,0.5092,0.5092
2.4353,2.55706,1.97094,0.72255,1.50405,1.06298,0,0,0.5457,0.4543
1.82395,3.00091,2.95859,0.68421,1.94047,1.67486,1,1,0.5089,0.5089
2.55891,2.52687,1.84134,0.76626,1.82495,1.28142,0,0,0.5446,0.4554
1.81256,2.95868,2.69423,0.74874,2.2476,1.449,1,1,0.5058,0.5058
2.12389,0.56896,1.60522,2.9131,0.58217,0.62966,0,0,0.5308,0.4692
2.53226,2.63601,2.07864,0.79692,2.31696,1.45459,1,0,0.5259,0.4741
1.55703,0.39829,2.35675,0.03977,0.40809,1.15001,0,0,0.5026,0.4974
1.64873,0.83457,2.35892,2.80258,0.15713,0.70314,0,1,0.5101,0.5101
2.14185,2.55592,1.67546,0.73539,1.29695,0.88941,0,0,0.5554,0.4446
1.20015,1.2003,2.66832,2.98617,1.99955,0.9525,1,1,0.5059,0.5059
1.72523,0.44826,1.6695,0.38985,3.02676,1.46035,1,0,0.5188,0.4812
1.64262,2.60702,1.68009,0.64182,0.34789,0.99652,0,0,0.5247,0.4753
1.64425,0.81859,2.21085,2.79758,0.05666,1.40304,0,1,0.5073,0.5073
2.49175,0.21331,1.73737,0.34438,2.78892,0.69815,1,0,0.5295,0.4705
1.12272,0.53553,2.1996,0.17466,1.30586,0.59328,0,0,0.5138,0.4862
2.00368,0.24574,1.60052,0.27681,1.97048,1.16074,0,0,0.5331,0.4669
2.55714,2.54998,1.93052,0.7737,1.94536,1.06724,1,0,0.5329,0.4671
2.78041,2.58959,2.22385,0.77498,2.28376,1.40266,1,0,0.5172,0.4828
2.35396,2.51965,1.92174,0.68884,1.09883,0.55079,1,0,0.5492,0.4508
2.42188,2.62812,1.90748,0.84779,2.5307,0.50094,1,0,0.5106,0.4894
1.3133,3.17055,3.20402,0.6837,1.95903,1.09454,1,1,0.5008,0.5008
1.27478,2.86918,2.26107,0.64997,0.8201,0.93183,0,0,0.5031,0.4969
1.60298,0.69745,2.8798,0.20091,2.38575,2.0785,1,1,0.509,0.509
1.82814,2.79879,2.10866,0.79361,2.1011,0.93224,0,0,0.5013,0.4987
2.18535,0.12549,1.87394,0.10914,0.68942,0.40865,1,0,0.5305,0.4695
1.88209,2.67848,1.67312,0.84782,2.17507,0.57885,0,0,0.5126,0.4874
