epoch,training_loss,validation_loss,accuracy,f1,roc_auc,grad_norm,spatial_grad_variance,near_zero_ratio,depth,n_entangling_gates,entangler_strength,scheduler_action,mutation_status,n_commits,n_rollbacks
0,0.7324624972757994,0.7124624972757994,0.0,0.0,0.5,7.43730847284145e-06,1.5078914929239177e-08,0.3907338588501414,2,38,1.0,keep,none,0,0
1,0.7330253495587957,0.7130253495587957,0.0,0.0,0.5,7.43730847284145e-06,1.5078914929239177e-08,0.3907338588501414,2,38,1.0,keep,none,0,0
2,0.7215692621479312,0.7015692621479311,0.0,0.0,0.5,7.43730847284145e-06,1.5078914929239177e-08,0.3907338588501414,2,38,1.0,keep,none,0,0
3,0.7204470047446883,0.7004470047446882,0.0,0.0,0.5,7.43730847284145e-06,1.5078914929239177e-08,0.3907338588501414,2,38,1.0,keep,none,0,0
4,0.7142489910203279,0.6942489910203279,0.0,0.0,0.5,7.43730847284145e-06,1.5078914929239177e-08,0.3907338588501414,2,38,1.0,keep,none,0,0
5,0.7028251602692579,0.6828251602692579,0.01482446938499804,0.014527979997298079,0.507412234692499,7.43730847284145e-06,1.5078914929239177e-08,0.3907338588501414,2,38,1.0,keep,none,0,0
6,0.7048508859936151,0.6848508859936151,0.011901765988147406,0.011663730668384458,0.5059508829940738,7.43730847284145e-06,1.5078914929239177e-08,0.3907338588501414,2,38,1.0,keep,none,0,0
7,0.7002605937574873,0.6802605937574873,0.01852460863152905,0.01815411645889847,0.5092623043157645,7.43730847284145e-06,1.5078914929239177e-08,0.3907338588501414,2,38,1.0,keep,none,0,0
8,0.6919802616504488,0.6719802616504488,0.030471415884506192,0.02986198756681607,0.5152357079422532,7.43730847284145e-06,1.5078914929239177e-08,0.3907338588501414,2,38,1.0,keep,none,0,0
9,0.6835943564069296,0.6635943564069295,0.04257054334593924,0.041719132479020454,0.5212852716729697,7.43730847284145e-06,1.5078914929239177e-08,0.3907338588501414,2,38,1.0,keep,none,0,0
10,0.6856997964416541,0.6656997964416541,0.039532828680343246,0.03874217210673638,0.5197664143401717,5.258971254922356e-06,8.965976460185992e-09,0.5938224985186997,3,57,1.0,add_layer,in_progress,0,0
11,0.6988135026582896,0.6788135026582895,0.02061246189829824,0.020200212660332274,0.5103062309491491,5.430029206882535e-06,8.965976460185992e-09,0.5806108518505086,3,57,1.0,keep,in_progress,0,0
12,0.688518951172172,0.668518951172172,0.03546537127085281,0.03475606384543575,0.5177326856354264,5.877864739160227e-06,8.965976460185992e-09,0.5460223118258303,3,57,1.0,keep,in_progress,0,0
13,0.6837975801149736,0.6637975801149736,0.042277333552195207,0.0414317868811513,0.5211386667760975,6.431419899795255e-06,8.965976460185992e-09,0.5032685251128557,3,57,1.0,keep,in_progress,0,0
14,0.6799773694649964,0.6599773694649964,0.04778910768287925,0.04683332552922166,0.5238945538414397,6.879255432072947e-06,8.965976460185992e-09,0.46867998508817743,3,57,1.0,keep,in_progress,0,0
15,0.6846258073563963,0.6646258073563963,0.04108237288068639,0.040260725423072664,0.5205411864403432,4.985324403340097e-06,5.331201499700046e-09,0.5916013093510358,4,76,1.0,add_layer,in_progress,1,0
16,0.6760657056821974,0.6560657056821974,0.053432829776082325,0.05236417318056068,0.5267164148880412,5.0914228028539545e-06,5.331201499700046e-09,0.5829097284628606,4,76,1.0,keep,in_progress,1,0
17,0.6732626272118966,0.6532626272118965,0.05747709246588295,0.05632755061656529,0.5287385462329415,5.369192018933198e-06,5.331201499700046e-09,0.5601548742816491,4,76,1.0,keep,in_progress,1,0
18,0.6731796499082786,0.6531796499082786,0.057596811559257666,0.05644487532807251,0.5287984057796289,5.71253365206397e-06,5.331201499700046e-09,0.5320283276955762,4,76,1.0,keep,in_progress,1,0
19,0.6792836937995864,0.6592836937995864,0.04878993824904576,0.04781413948406484,0.5243949691245229,5.990302868143214e-06,5.331201499700046e-09,0.5092734735143646,4,76,1.0,keep,in_progress,1,0
20,0.6743596706184841,0.6543596706184841,0.055894285646394426,0.05477639993346654,0.5279471428231972,6.096401267657071e-06,5.331201499700046e-09,0.5005818926261894,4,76,1.0,propose_prune_layer,in_progress,2,0
21,0.6826487753690422,0.6626487753690422,0.043934821282582415,0.043056124856930764,0.5219674106412913,5.990302868143214e-06,5.331201499700046e-09,0.5092734735143646,4,76,1.0,keep,in_progress,2,0
22,0.676357253023047,0.6563572530230469,0.053012187241311626,0.051951943496485395,0.5265060936206558,5.71253365206397e-06,5.331201499700046e-09,0.5320283276955762,4,76,1.0,keep,in_progress,2,0
23,0.665619805899371,0.645619805899371,0.06850410344918345,0.06713402138019978,0.5342520517245917,5.369192018933198e-06,5.331201499700046e-09,0.5601548742816491,4,76,1.0,keep,in_progress,2,0
24,0.657779174164531,0.637779174164531,0.07981651397412937,0.07822018369464678,0.5399082569870647,5.0914228028539545e-06,5.331201499700046e-09,0.5829097284628606,4,76,1.0,keep,in_progress,2,0
25,0.6575715390195057,0.6375715390195057,0.08011608855936281,0.07851376678817555,0.5400580442796814,7.050313384033125e-06,8.965976460185992e-09,0.45546833841998646,3,57,1.0,stop_growth,committed,3,0
26,0.6689072558644225,0.6489072558644224,0.06376099283736492,0.06248577298061762,0.5318804964186825,7.050313384033125e-06,8.965976460185992e-09,0.45546833841998646,3,57,1.0,keep,none,3,0
27,0.6724774282777124,0.6524774282777124,0.05860997218624686,0.057437772742521924,0.5293049860931234,7.050313384033125e-06,8.965976460185992e-09,0.45546833841998646,3,57,1.0,keep,none,3,0
28,0.6694375729240981,0.6494375729240981,0.0629958549645101,0.0617359378652199,0.5314979274822551,7.050313384033125e-06,8.965976460185992e-09,0.45546833841998646,3,57,1.0,keep,none,3,0
29,0.6676289720644987,0.6476289720644987,0.06560529207257448,0.064293186231123,0.5328026460362872,7.050313384033125e-06,8.965976460185992e-09,0.45546833841998646,3,57,1.0,keep,none,3,0
30,0.6633494171944225,0.6433494171944225,0.0717798049424001,0.07034420884355211,0.5358899024712,7.050313384033125e-06,8.965976460185992e-09,0.45546833841998646,3,57,1.0,keep,none,3,0
31,0.6552846316050892,0.6352846316050892,0.08341562313506112,0.0817473106723599,0.5417078115675306,7.050313384033125e-06,8.965976460185992e-09,0.45546833841998646,3,57,1.0,keep,none,3,0
32,0.6501192211648954,0.6301192211648954,0.09086824243991443,0.08905087759111614,0.5454341212199572,7.050313384033125e-06,8.965976460185992e-09,0.45546833841998646,3,57,1.0,keep,none,3,0
33,0.655934323685515,0.635934323685515,0.08247825178832069,0.08082868675255428,0.5412391258941603,7.050313384033125e-06,8.965976460185992e-09,0.45546833841998646,3,57,1.0,keep,none,3,0
34,0.6465267660211828,0.6265267660211827,0.09605141246402726,0.09413038421474672,0.5480257062320136,7.050313384033125e-06,8.965976460185992e-09,0.45546833841998646,3,57,1.0,keep,none,3,0
35,0.6350092031467189,0.6150092031467189,0.11266887440958173,0.11041549692139009,0.5563344372047909,7.050313384033125e-06,8.965976460185992e-09,0.45546833841998646,3,57,1.0,keep,none,3,0
36,0.6394650733679919,0.6194650733679918,0.10623997494157866,0.1041151754427471,0.5531199874707893,7.050313384033125e-06,8.965976460185992e-09,0.45546833841998646,3,57,1.0,keep,none,3,0
37,0.6370887027276031,0.6170887027276031,0.10966858645562971,0.10747521472651711,0.5548342932278149,7.050313384033125e-06,8.965976460185992e-09,0.45546833841998646,3,57,1.0,keep,none,3,0
38,0.6394557289429608,0.6194557289429607,0.10625345701491751,0.10412838787461916,0.5531267285074588,7.050313384033125e-06,8.965976460185992e-09,0.45546833841998646,3,57,1.0,keep,none,3,0
39,0.6293247355053657,0.6093247355053657,0.12087038593945221,0.11845297822066315,0.5604351929697261,7.050313384033125e-06,8.965976460185992e-09,0.45546833841998646,3,57,1.0,keep,none,3,0
40,0.6359445799031817,0.6159445799031816,0.11131931914127602,0.1090929327584505,0.555659659570638,7.050313384033125e-06,8.965976460185992e-09,0.45546833841998646,3,57,1.0,keep,none,3,0
41,0.605723067457129,0.585723067457129,0.15492271323455642,0.1518242589698653,0.5774613566172782,7.050313384033125e-06,8.965976460185992e-09,0.45546833841998646,3,57,1.0,keep,none,3,0
42,0.6077647942525938,0.5877647942525938,0.1519769236003553,0.1489373851283482,0.5759884618001776,7.050313384033125e-06,8.965976460185992e-09,0.45546833841998646,3,57,1.0,keep,none,3,0
43,0.6075179205219826,0.5875179205219826,0.1523331113519224,0.14928644912488395,0.5761665556759612,7.050313384033125e-06,8.965976460185992e-09,0.45546833841998646,3,57,1.0,keep,none,3,0
44,0.6062982452701412,0.5862982452701412,0.15409285056969968,0.1510109935583057,0.5770464252848498,7.050313384033125e-06,8.965976460185992e-09,0.45546833841998646,3,57,1.0,keep,none,3,0
45,0.6012103101533023,0.5812103101533023,0.16143368900115107,0.15820501522112804,0.5807168445005755,7.050313384033125e-06,8.965976460185992e-09,0.45546833841998646,3,57,1.0,keep,none,3,0
46,0.5974604058385525,0.5774604058385525,0.16684402562609657,0.16350714511357464,0.5834220128130483,7.050313384033125e-06,8.965976460185992e-09,0.45546833841998646,3,57,1.0,keep,none,3,0
47,0.6072551251289959,0.5872551251289959,0.15271227077045757,0.1496580253550484,0.5763561353852288,7.050313384033125e-06,8.965976460185992e-09,0.45546833841998646,3,57,1.0,keep,none,3,0
48,0.5983688770737722,0.5783688770737722,0.16553328946216694,0.1622226236729236,0.5827666447310835,7.050313384033125e-06,8.965976460185992e-09,0.45546833841998646,3,57,1.0,keep,none,3,0
49,0.6065668074592924,0.5865668074592923,0.1537053708565974,0.15063126343946545,0.5768526854282987,7.050313384033125e-06,8.965976460185992e-09,0.45546833841998646,3,57,1.0,keep,none,3,0
50,0.6079379959720658,0.5879379959720658,0.15172702932900628,0.14869248874242616,0.5758635146645031,7.050313384033125e-06,8.965976460185992e-09,0.45546833841998646,3,57,1.0,keep,none,3,0
51,0.6132952009222705,0.5932952009222705,0.14399769020015807,0.1411177363961549,0.571998845100079,7.050313384033125e-06,8.965976460185992e-09,0.45546833841998646,3,57,1.0,keep,none,3,0
52,0.6160351038209635,0.5960351038209635,0.14004457679849458,0.13724368526252467,0.5700222883992473,7.050313384033125e-06,8.965976460185992e-09,0.45546833841998646,3,57,1.0,keep,none,3,0
53,0.6115374232226672,0.5915374232226672,0.1465337999961518,0.14360312399622877,0.5732668999980759,7.050313384033125e-06,8.965976460185992e-09,0.45546833841998646,3,57,1.0,keep,none,3,0
54,0.6026763656331626,0.5826763656331626,0.15931847405401445,0.15613210457293417,0.5796592370270073,7.050313384033125e-06,8.965976460185992e-09,0.45546833841998646,3,57,1.0,keep,none,3,0
55,0.6050467831841004,0.5850467831841004,0.15589845161722637,0.15278048258488183,0.5779492258086132,7.050313384033125e-06,8.965976460185992e-09,0.45546833841998646,3,57,1.0,keep,none,3,0
56,0.6019952547826317,0.5819952547826317,0.16030117619011452,0.15709515266631224,0.5801505880950573,7.050313384033125e-06,8.965976460185992e-09,0.45546833841998646,3,57,1.0,keep,none,3,0
57,0.6024924972336363,0.5824924972336363,0.15958375813932157,0.15639208297653515,0.5797918790696608,7.050313384033125e-06,8.965976460185992e-09,0.45546833841998646,3,57,1.0,keep,none,3,0
58,0.600118922745416,0.580118922745416,0.16300833538390425,0.15974816867622615,0.5815041676919521,7.050313384033125e-06,8.965976460185992e-09,0.45546833841998646,3,57,1.0,keep,none,3,0
59,0.602427948692145,0.582427948692145,0.15967688833913585,0.15648335057235313,0.5798384441695679,7.050313384033125e-06,8.965976460185992e-09,0.45546833841998646,3,57,1.0,keep,none,3,0
60,0.5903064573907884,0.5703064573907883,0.17716569414112204,0.1736223802582996,0.588582847070561,7.050313384033125e-06,8.965976460185992e-09,0.45546833841998646,3,57,1.0,keep,none,3,0
61,0.5875406651739878,0.5675406651739878,0.18115616047613936,0.17753303726661657,0.5905780802380697,7.050313384033125e-06,8.965976460185992e-09,0.45546833841998646,3,57,1.0,keep,none,3,0
62,0.5900602434919099,0.5700602434919099,0.1775209298919206,0.17397051129408217,0.5887604649459603,7.050313384033125e-06,8.965976460185992e-09,0.45546833841998646,3,57,1.0,keep,none,3,0
63,0.5814364298618078,0.5614364298618078,0.1899633099670932,0.18616404376775134,0.5949816549835466,7.050313384033125e-06,8.965976460185992e-09,0.45546833841998646,3,57,1.0,keep,none,3,0
64,0.5909063539646446,0.5709063539646446,0.1763001674150273,0.17277416406672674,0.5881500837075136,7.050313384033125e-06,8.965976460185992e-09,0.45546833841998646,3,57,1.0,keep,none,3,0
65,0.5772346860664754,0.5572346860664754,0.19602555754368,0.1921050463928064,0.59801277877184,7.050313384033125e-06,8.965976460185992e-09,0.45546833841998646,3,57,1.0,keep,none,3,0
66,0.5794163852838689,0.5594163852838688,0.1928778166442522,0.18902026031136715,0.5964389083221261,7.050313384033125e-06,8.965976460185992e-09,0.45546833841998646,3,57,1.0,keep,none,3,0
67,0.5773898064445654,0.5573898064445654,0.19580175090958685,0.1918857158913951,0.5979008754547934,7.050313384033125e-06,8.965976460185992e-09,0.45546833841998646,3,57,1.0,keep,none,3,0
68,0.5659457741015484,0.5459457741015484,0.21231312350086795,0.2080668610308506,0.606156561750434,7.050313384033125e-06,8.965976460185992e-09,0.45546833841998646,3,57,1.0,keep,none,3,0
69,0.5643722495890366,0.5443722495890366,0.21458339404265392,0.21029172616180083,0.6072916970213269,7.050313384033125e-06,8.965976460185992e-09,0.45546833841998646,3,57,1.0,keep,none,3,0
70,0.5641699223036291,0.544169922303629,0.21487531048387098,0.21057780427419356,0.6074376552419355,7.050313384033125e-06,8.965976460185992e-09,0.45546833841998646,3,57,1.0,keep,none,3,0
71,0.5803408438685038,0.5603408438685038,0.19154401404053711,0.18771313375972637,0.5957720070202686,7.050313384033125e-06,8.965976460185992e-09,0.45546833841998646,3,57,1.0,keep,none,3,0
72,0.5771374536674427,0.5571374536674427,0.1961658437924647,0.19224252691661542,0.5980829218962324,7.050313384033125e-06,8.965976460185992e-09,0.45546833841998646,3,57,1.0,keep,none,3,0
73,0.5700584647527374,0.5500584647527373,0.2063793611993402,0.20225177397535338,0.6031896805996702,7.050313384033125e-06,8.965976460185992e-09,0.45546833841998646,3,57,1.0,keep,none,3,0
74,0.5818137347723619,0.5618137347723619,0.18941893698981127,0.18563055825001504,0.5947094684949057,7.050313384033125e-06,8.965976460185992e-09,0.45546833841998646,3,57,1.0,keep,none,3,0
75,0.5813723774929154,0.5613723774929154,0.19005572429243212,0.18625460980658348,0.5950278621462161,7.050313384033125e-06,8.965976460185992e-09,0.45546833841998646,3,57,1.0,keep,none,3,0
76,0.5892757559314418,0.5692757559314418,0.17865278324709033,0.17507972758214851,0.5893263916235452,7.050313384033125e-06,8.965976460185992e-09,0.45546833841998646,3,57,1.0,keep,none,3,0
77,0.578230825533949,0.558230825533949,0.19458833424621425,0.19069656756128997,0.5972941671231071,7.050313384033125e-06,8.965976460185992e-09,0.45546833841998646,3,57,1.0,keep,none,3,0
78,0.5941753660990521,0.5741753660990521,0.17158365878076465,0.16815198560514935,0.5857918293903823,7.050313384033125e-06,8.965976460185992e-09,0.45546833841998646,3,57,1.0,keep,none,3,0
79,0.6017069476059463,0.5817069476059463,0.16071714383790758,0.15750280096114944,0.5803585719189538,7.050313384033125e-06,8.965976460185992e-09,0.45546833841998646,3,57,1.0,keep,none,3,0
80,0.5986300279127703,0.5786300279127703,0.16515650279502203,0.1618533727391216,0.5825782513975111,7.050313384033125e-06,8.965976460185992e-09,0.45546833841998646,3,57,1.0,keep,none,3,0
81,0.5934025863621825,0.5734025863621824,0.1726986201671008,0.16924464776375878,0.5863493100835504,7.050313384033125e-06,8.965976460185992e-09,0.45546833841998646,3,57,1.0,keep,none,3,0
82,0.5872402834428195,0.5672402834428195,0.1815895492096098,0.1779577582254176,0.5907947746048049,7.050313384033125e-06,8.965976460185992e-09,0.45546833841998646,3,57,1.0,keep,none,3,0
83,0.5936870074852818,0.5736870074852818,0.17228825929118197,0.16884249410535832,0.5861441296455909,7.050313384033125e-06,8.965976460185992e-09,0.45546833841998646,3,57,1.0,keep,none,3,0
84,0.5965602350388216,0.5765602350388216,0.1681427859777499,0.1647799302581949,0.584071392988875,7.050313384033125e-06,8.965976460185992e-09,0.45546833841998646,3,57,1.0,keep,none,3,0
85,0.5933603537743611,0.5733603537743611,0.17275955305964352,0.16930436199845064,0.5863797765298218,7.050313384033125e-06,8.965976460185992e-09,0.45546833841998646,3,57,1.0,keep,none,3,0
86,0.5884907075041523,0.5684907075041523,0.17978544581712264,0.1761897369007802,0.5898927229085613,7.050313384033125e-06,8.965976460185992e-09,0.45546833841998646,3,57,1.0,keep,none,3,0
87,0.5959883710288405,0.5759883710288405,0.16896786750996906,0.16558851015976966,0.5844839337549845,7.050313384033125e-06,8.965976460185992e-09,0.45546833841998646,3,57,1.0,keep,none,3,0
88,0.6016965843582901,0.5816965843582901,0.1607320958616505,0.1575174539444175,0.5803660479308252,7.050313384033125e-06,8.965976460185992e-09,0.45546833841998646,3,57,1.0,keep,none,3,0
89,0.6034668640127232,0.5834668640127232,0.15817794832964482,0.15501438936305192,0.5790889741648224,7.050313384033125e-06,8.965976460185992e-09,0.45546833841998646,3,57,1.0,keep,none,3,0
90,0.61272292231612,0.59272292231612,0.14482336990893097,0.14192690251075235,0.5724116849544655,7.050313384033125e-06,8.965976460185992e-09,0.45546833841998646,3,57,1.0,keep,none,3,0
91,0.6136599638833375,0.5936599638833375,0.14347141266290941,0.14060198440965122,0.5717357063314548,7.050313384033125e-06,8.965976460185992e-09,0.45546833841998646,3,57,1.0,keep,none,3,0
92,0.607247958485506,0.5872479584855059,0.1527226107552938,0.14966815854018792,0.5763613053776468,7.050313384033125e-06,8.965976460185992e-09,0.45546833841998646,3,57,1.0,keep,none,3,0
93,0.6033069020370376,0.5833069020370376,0.1584087403880572,0.15524056558029603,0.5792043701940286,7.050313384033125e-06,8.965976460185992e-09,0.45546833841998646,3,57,1.0,keep,none,3,0
94,0.5954635898871644,0.5754635898871644,0.16972501819771413,0.16633051783375985,0.5848625090988571,7.050313384033125e-06,8.965976460185992e-09,0.45546833841998646,3,57,1.0,keep,none,3,0
95,0.5904568455333344,0.5704568455333344,0.17694871514451826,0.17340974084162789,0.5884743575722591,7.050313384033125e-06,8.965976460185992e-09,0.45546833841998646,3,57,1.0,keep,none,3,0
96,0.586569966820118,0.566569966820118,0.18255667750668314,0.17890554395654948,0.5912783387533416,7.050313384033125e-06,8.965976460185992e-09,0.45546833841998646,3,57,1.0,keep,none,3,0
97,0.5848685292592818,0.5648685292592818,0.18501150013088774,0.18131127012826997,0.5925057500654438,7.050313384033125e-06,8.965976460185992e-09,0.45546833841998646,3,57,1.0,keep,none,3,0
98,0.5801769574821156,0.5601769574821156,0.1917804682122124,0.18794485884796813,0.5958902341061062,7.050313384033125e-06,8.965976460185992e-09,0.45546833841998646,3,57,1.0,keep,none,3,0
99,0.5843836560101343,0.5643836560101343,0.18571107198076142,0.1819968505411462,0.5928555359903807,7.050313384033125e-06,8.965976460185992e-09,0.45546833841998646,3,57,1.0,keep,none,3,0
