benchmark_mode,objective_type,budget_normalization,experiment_group,ansatz_type,gate_set,encoding_type,entanglement_topology,entangler_type,cost_type,n_qubits,reference_depth,depth,target_entangling_budget,actual_entangling_budget,gates_per_layer,run_id,layer_id,layer_mean_abs_grad,layer_grad_variance,layer_grad_norm,layer_max_abs_grad,layer_min_abs_grad,layer_near_zero_ratio
random_bp,expectation_value,same_entangling_gate_count,smoke_random_parameter_bp,hea,RX_RY_RZ_CNOT,none,linear,cnot,local,4,1,1,3,3,3,0,0,0.024862544143928397,0.0043392340682577015,0.23615230899584524,0.23261495870900079,3.489610878506536e-18,0.3333333333333333
random_bp,expectation_value,same_entangling_gate_count,smoke_random_parameter_bp,hea,RX_RY_RZ_CNOT,none,linear,cnot,local,4,1,1,3,3,3,1,0,0.027937808397815966,0.002104657631250613,0.15908028047054137,0.12428960852217913,5.007544339288725e-18,0.3333333333333333
random_bp,expectation_value,same_entangling_gate_count,smoke_random_parameter_bp,hea,RX_RY_RZ_CNOT,none,linear,cnot,local,4,1,1,3,3,3,2,0,0.0015587402807010593,4.787775371308203e-06,0.008194174724217027,0.004858203106378846,9.12431750435585e-18,0.3333333333333333
random_bp,expectation_value,same_entangling_gate_count,smoke_random_parameter_bp,hea,RX_RY_RZ_CNOT,none,circular,cnot,local,4,1,1,3,4,4,3,0,0.013511502759039997,0.0005909993562731192,0.08596386815631502,0.07086899542715108,6.386390007424288e-19,0.3333333333333333
random_bp,expectation_value,same_entangling_gate_count,smoke_random_parameter_bp,hea,RX_RY_RZ_CNOT,none,circular,cnot,local,4,1,1,3,4,4,4,0,0.020853406485026194,0.0017110464312852659,0.14482919549850526,0.12617295534062895,3.8106511895261167e-19,0.3333333333333333
random_bp,expectation_value,same_entangling_gate_count,smoke_random_parameter_bp,hea,RX_RY_RZ_CNOT,none,circular,cnot,local,4,1,1,3,4,4,5,0,0.024896942084472542,0.001307010116214289,0.12895319795969848,0.0796842362461001,2.8871159485473738e-18,0.3333333333333333
random_bp,expectation_value,same_entangling_gate_count,smoke_random_parameter_bp,hea,RX_RY_RZ_CNOT,none,linear,cnot,global,4,1,1,3,3,3,6,0,0.061526981595085344,0.015119075155045314,0.47252899956881755,0.33845442853024077,2.0448601169521252e-18,0.6666666666666666
random_bp,expectation_value,same_entangling_gate_count,smoke_random_parameter_bp,hea,RX_RY_RZ_CNOT,none,linear,cnot,global,4,1,1,3,3,3,7,0,0.031404600029035216,0.00948995056322827,0.35432103776682716,0.35379449517884465,3.651826788085742e-18,0.6666666666666666
random_bp,expectation_value,same_entangling_gate_count,smoke_random_parameter_bp,hea,RX_RY_RZ_CNOT,none,linear,cnot,global,4,1,1,3,3,3,8,0,0.09498219446032363,0.024890485841213384,0.6379225950446851,0.5233266553411755,1.0238499299807855e-18,0.6666666666666666
random_bp,expectation_value,same_entangling_gate_count,smoke_random_parameter_bp,hea,RX_RY_RZ_CNOT,none,circular,cnot,global,4,1,1,3,4,4,9,0,0.011992958472247947,0.0006925104775056407,0.0912445970389467,0.0651495002361451,3.134796447808662e-18,0.6666666666666666
random_bp,expectation_value,same_entangling_gate_count,smoke_random_parameter_bp,hea,RX_RY_RZ_CNOT,none,circular,cnot,global,4,1,1,3,4,4,10,0,0.09121368721460067,0.04009463314963968,0.7556845357788108,0.7056295856494703,1.6820289030139458e-17,0.6666666666666666
random_bp,expectation_value,same_entangling_gate_count,smoke_random_parameter_bp,hea,RX_RY_RZ_CNOT,none,circular,cnot,global,4,1,1,3,4,4,11,0,0.012813258930925902,0.0009529644369403,0.11155759097092387,0.10703444364339831,1.3444106938820255e-17,0.6666666666666666
random_bp,expectation_value,same_entangling_gate_count,smoke_random_parameter_bp,hea,RX_RY_RZ_CNOT,none,linear,cnot,hamiltonian_local,4,1,1,3,3,3,12,0,0.07817397678002566,0.019429172091021515,0.4927267638390963,0.305683213284097,7.211740422880042e-18,0.5
random_bp,expectation_value,same_entangling_gate_count,smoke_random_parameter_bp,hea,RX_RY_RZ_CNOT,none,linear,cnot,hamiltonian_local,4,1,1,3,3,3,13,0,0.08286266906561181,0.02116435377318869,0.5133051372409205,0.32826847779755597,8.673617379884035e-18,0.5
random_bp,expectation_value,same_entangling_gate_count,smoke_random_parameter_bp,hea,RX_RY_RZ_CNOT,none,linear,cnot,hamiltonian_local,4,1,1,3,3,3,14,0,0.08098173921908443,0.016300732831491013,0.4535982099158967,0.2899586972078052,1.972367493174375e-18,0.5
random_bp,expectation_value,same_entangling_gate_count,smoke_random_parameter_bp,hea,RX_RY_RZ_CNOT,none,circular,cnot,hamiltonian_local,4,1,1,3,4,4,15,0,0.05328716323038596,0.012872123173404505,0.39327197948089526,0.2824382955585377,0.0,0.5
random_bp,expectation_value,same_entangling_gate_count,smoke_random_parameter_bp,hea,RX_RY_RZ_CNOT,none,circular,cnot,hamiltonian_local,4,1,1,3,4,4,16,0,0.06495484249687103,0.022340536850073634,0.5190239437485157,0.45129117305549427,5.521783476930999e-18,0.5
random_bp,expectation_value,same_entangling_gate_count,smoke_random_parameter_bp,hea,RX_RY_RZ_CNOT,none,circular,cnot,hamiltonian_local,4,1,1,3,4,4,17,0,0.057409653767111574,0.010491423860516163,0.40060658714682007,0.2931789728268752,1.3877787807814457e-17,0.5
random_bp,expectation_value,same_entangling_gate_count,smoke_random_parameter_bp,hea,RX_RY_RZ_CNOT,none,linear,cnot,local,4,2,2,6,6,3,18,0,0.048115732513767474,0.0037212450517126665,0.2113680192267921,0.15200230401203027,0.005124563428329321,0.0
random_bp,expectation_value,same_entangling_gate_count,smoke_random_parameter_bp,hea,RX_RY_RZ_CNOT,none,linear,cnot,local,4,2,2,6,6,3,18,1,0.025769798758327203,0.00137962752065871,0.13502871279155007,0.08086553899786982,7.558001641558768e-19,0.3333333333333333
random_bp,expectation_value,same_entangling_gate_count,smoke_random_parameter_bp,hea,RX_RY_RZ_CNOT,none,linear,cnot,local,4,2,2,6,6,3,19,0,0.03433133500354784,0.001593308258044378,0.1474443514229239,0.10021394363052995,0.008906420944757966,0.0
random_bp,expectation_value,same_entangling_gate_count,smoke_random_parameter_bp,hea,RX_RY_RZ_CNOT,none,linear,cnot,local,4,2,2,6,6,3,19,1,0.012409203316407198,0.0003723955028378982,0.07024609504589086,0.042354412779886566,7.7309503292440515e-19,0.3333333333333333
random_bp,expectation_value,same_entangling_gate_count,smoke_random_parameter_bp,hea,RX_RY_RZ_CNOT,none,linear,cnot,local,4,2,2,6,6,3,20,0,0.048306857481560744,0.004309182358638186,0.22746196681972622,0.16892459055385897,0.00222361506199735,0.0
random_bp,expectation_value,same_entangling_gate_count,smoke_random_parameter_bp,hea,RX_RY_RZ_CNOT,none,linear,cnot,local,4,2,2,6,6,3,20,1,0.023241145321739598,0.0012090718335551033,0.12082671024185665,0.07499032976462854,1.530581023409668e-19,0.3333333333333333
random_bp,expectation_value,same_entangling_gate_count,smoke_random_parameter_bp,hea,RX_RY_RZ_CNOT,none,circular,cnot,local,4,2,2,6,8,4,21,0,0.05491675840859944,0.006100448007235685,0.2712978278805666,0.1767543039151662,0.0005423570320035112,0.0
random_bp,expectation_value,same_entangling_gate_count,smoke_random_parameter_bp,hea,RX_RY_RZ_CNOT,none,circular,cnot,local,4,2,2,6,8,4,21,1,0.03646324296165331,0.002214510431368851,0.16862306205926514,0.09216258244224246,8.195125832123213e-18,0.3333333333333333
random_bp,expectation_value,same_entangling_gate_count,smoke_random_parameter_bp,hea,RX_RY_RZ_CNOT,none,circular,cnot,local,4,2,2,6,8,4,22,0,0.041789636368458165,0.002500193403606347,0.187086759835727,0.12930595804504444,0.007371145209023548,0.0
random_bp,expectation_value,same_entangling_gate_count,smoke_random_parameter_bp,hea,RX_RY_RZ_CNOT,none,circular,cnot,local,4,2,2,6,8,4,22,1,0.033887633910521874,0.003209854314477022,0.19720069608872914,0.14082835853200174,2.868928087857668e-18,0.3333333333333333
random_bp,expectation_value,same_entangling_gate_count,smoke_random_parameter_bp,hea,RX_RY_RZ_CNOT,none,circular,cnot,local,4,2,2,6,8,4,23,0,0.027699660563828943,0.000925951124824722,0.11281616206390138,0.06636805060895783,0.0028941808800918,0.0
random_bp,expectation_value,same_entangling_gate_count,smoke_random_parameter_bp,hea,RX_RY_RZ_CNOT,none,circular,cnot,local,4,2,2,6,8,4,23,1,0.03296716700675096,0.0018592954105930333,0.16230101080802598,0.10076600412260871,2.5080431281602592e-18,0.3333333333333333
random_bp,expectation_value,same_entangling_gate_count,smoke_random_parameter_bp,hea,RX_RY_RZ_CNOT,none,linear,cnot,global,4,2,2,6,6,3,24,0,0.13005014029078465,0.0264808966277867,0.566948010176781,0.31965033154442507,8.380396064985996e-18,0.08333333333333333
random_bp,expectation_value,same_entangling_gate_count,smoke_random_parameter_bp,hea,RX_RY_RZ_CNOT,none,linear,cnot,global,4,2,2,6,6,3,24,1,0.039346574280488204,0.00783299428750662,0.3069427456901986,0.2616480405851801,1.1375810176344702e-18,0.6666666666666666
random_bp,expectation_value,same_entangling_gate_count,smoke_random_parameter_bp,hea,RX_RY_RZ_CNOT,none,linear,cnot,global,4,2,2,6,6,3,25,0,0.1161362874363387,0.046616010521817595,0.7480674128001713,0.5188649293278178,8.849421557593626e-17,0.08333333333333333
random_bp,expectation_value,same_entangling_gate_count,smoke_random_parameter_bp,hea,RX_RY_RZ_CNOT,none,linear,cnot,global,4,2,2,6,6,3,25,1,0.014380460934468708,0.00086048840998399,0.10754336206566516,0.0904291080388693,1.2804362016155213e-17,0.6666666666666666
random_bp,expectation_value,same_entangling_gate_count,smoke_random_parameter_bp,hea,RX_RY_RZ_CNOT,none,linear,cnot,global,4,2,2,6,6,3,26,0,0.07214241339787543,0.010660979943867853,0.3714136252552921,0.2791984858661044,1.2582032936708211e-17,0.08333333333333333
random_bp,expectation_value,same_entangling_gate_count,smoke_random_parameter_bp,hea,RX_RY_RZ_CNOT,none,linear,cnot,global,4,2,2,6,6,3,26,1,0.035575303371613944,0.006120944917313583,0.28693068419558,0.25926216886501263,0.0,0.6666666666666666
random_bp,expectation_value,same_entangling_gate_count,smoke_random_parameter_bp,hea,RX_RY_RZ_CNOT,none,circular,cnot,global,4,2,2,6,8,4,27,0,0.1020165699325349,0.023758658084925794,0.5424502399594062,0.3817134579859189,0.00359033633405155,0.0
random_bp,expectation_value,same_entangling_gate_count,smoke_random_parameter_bp,hea,RX_RY_RZ_CNOT,none,circular,cnot,global,4,2,2,6,8,4,27,1,0.045190938309812835,0.008064139214510815,0.3119389616876359,0.23103658182864,3.708604078980401e-18,0.6666666666666666
random_bp,expectation_value,same_entangling_gate_count,smoke_random_parameter_bp,hea,RX_RY_RZ_CNOT,none,circular,cnot,global,4,2,2,6,8,4,28,0,0.08154159285814334,0.010832724146184478,0.36373526538337425,0.22573886825840034,0.00024285191012121676,0.0
random_bp,expectation_value,same_entangling_gate_count,smoke_random_parameter_bp,hea,RX_RY_RZ_CNOT,none,circular,cnot,global,4,2,2,6,8,4,28,1,0.007065178690665071,0.00039005010408005785,0.07167037918056425,0.07119060118903307,7.912434134999409e-18,0.6666666666666666
random_bp,expectation_value,same_entangling_gate_count,smoke_random_parameter_bp,hea,RX_RY_RZ_CNOT,none,circular,cnot,global,4,2,2,6,8,4,29,0,0.14246551715747305,0.03360278745051175,0.6464470422749483,0.4450435388788075,0.0013215012966862338,0.0
random_bp,expectation_value,same_entangling_gate_count,smoke_random_parameter_bp,hea,RX_RY_RZ_CNOT,none,circular,cnot,global,4,2,2,6,8,4,29,1,0.028853906105099924,0.003908004270179711,0.23520515216033197,0.1712657535260083,0.0,0.6666666666666666
random_bp,expectation_value,same_entangling_gate_count,smoke_random_parameter_bp,hea,RX_RY_RZ_CNOT,none,linear,cnot,hamiltonian_local,4,2,2,6,6,3,30,0,0.04988391100259811,0.004131197177078598,0.2260519619270859,0.1267189695100696,6.870440277011871e-18,0.08333333333333333
random_bp,expectation_value,same_entangling_gate_count,smoke_random_parameter_bp,hea,RX_RY_RZ_CNOT,none,linear,cnot,hamiltonian_local,4,2,2,6,6,3,30,1,0.04212216660562539,0.006893709435812862,0.29497372181391296,0.2235179598662902,1.9578522875246357e-18,0.5
random_bp,expectation_value,same_entangling_gate_count,smoke_random_parameter_bp,hea,RX_RY_RZ_CNOT,none,linear,cnot,hamiltonian_local,4,2,2,6,6,3,31,0,0.051983917205714276,0.0063419278881298126,0.2846974705164894,0.24356376749634556,1.285714569788177e-17,0.08333333333333333
random_bp,expectation_value,same_entangling_gate_count,smoke_random_parameter_bp,hea,RX_RY_RZ_CNOT,none,linear,cnot,hamiltonian_local,4,2,2,6,6,3,31,1,0.05123066122724437,0.010846455072391048,0.3713440703833945,0.3307913475751809,2.742684769021472e-18,0.5
random_bp,expectation_value,same_entangling_gate_count,smoke_random_parameter_bp,hea,RX_RY_RZ_CNOT,none,linear,cnot,hamiltonian_local,4,2,2,6,6,3,32,0,0.02820476357634318,0.0014628895274421908,0.13251205886200276,0.08976290686204536,1.8480651213732625e-17,0.08333333333333333
random_bp,expectation_value,same_entangling_gate_count,smoke_random_parameter_bp,hea,RX_RY_RZ_CNOT,none,linear,cnot,hamiltonian_local,4,2,2,6,6,3,32,1,0.04077475706534087,0.005484978338735201,0.29264441881114167,0.20597334272521525,1.2917629911767286e-18,0.5
random_bp,expectation_value,same_entangling_gate_count,smoke_random_parameter_bp,hea,RX_RY_RZ_CNOT,none,circular,cnot,hamiltonian_local,4,2,2,6,8,4,33,0,0.06369511988487432,0.00570488795851783,0.2918901758326776,0.172445226463122,0.0009724879149230216,0.0
random_bp,expectation_value,same_entangling_gate_count,smoke_random_parameter_bp,hea,RX_RY_RZ_CNOT,none,circular,cnot,hamiltonian_local,4,2,2,6,8,4,33,1,0.03788448767847287,0.004127418447299126,0.23564314511906204,0.1712019427810051,1.734723475976807e-18,0.5
random_bp,expectation_value,same_entangling_gate_count,smoke_random_parameter_bp,hea,RX_RY_RZ_CNOT,none,circular,cnot,hamiltonian_local,4,2,2,6,8,4,34,0,0.06837755109557458,0.011986878598313225,0.39525701234209554,0.32522019811823993,0.00031409913367562436,0.0
random_bp,expectation_value,same_entangling_gate_count,smoke_random_parameter_bp,hea,RX_RY_RZ_CNOT,none,circular,cnot,hamiltonian_local,4,2,2,6,8,4,34,1,0.0299777329831807,0.0033525838267981327,0.2033114917263873,0.15497595707781667,8.131273599946325e-18,0.5
random_bp,expectation_value,same_entangling_gate_count,smoke_random_parameter_bp,hea,RX_RY_RZ_CNOT,none,circular,cnot,hamiltonian_local,4,2,2,6,8,4,35,0,0.03363486160059498,0.0018672577802315267,0.15849039089103156,0.08961551791581085,0.0002864533200678111,0.0
random_bp,expectation_value,same_entangling_gate_count,smoke_random_parameter_bp,hea,RX_RY_RZ_CNOT,none,circular,cnot,hamiltonian_local,4,2,2,6,8,4,35,1,0.05083109363077143,0.010417158048540502,0.3603183873265619,0.32556085689028885,3.6573000870812797e-19,0.5
