n_qubits,depth,entanglement_topology,cost_type,encoding_type,param_index,layer_id,param_grad_variance_across_seeds,log10_param_grad_variance
4,2,linear,local,angle,0,0,0.0003239430541047166,-3.4895313276381894
4,2,linear,local,angle,1,0,0.0003706331839957385,-3.4310556994773007
4,2,linear,local,angle,2,0,0.0004845247412327328,-3.3146840417163905
4,2,linear,local,angle,3,0,0.0004457741560190204,-3.3508851135670397
4,2,linear,local,angle,4,0,0.0006478217245966236,-3.1885444920865167
4,2,linear,local,angle,5,0,0.00045353833440946005,-3.3433859991906805
4,2,linear,local,angle,6,0,0.00037611417547432326,-3.4246802980206703
4,2,linear,local,angle,7,0,0.0004550750156791019,-3.3419170072766233
4,2,linear,local,angle,8,0,0.00029394813976329646,-3.531729283878001
4,2,linear,local,angle,9,0,0.00048015014470838323,-3.318622935911833
4,2,linear,local,angle,10,0,0.0003248267895111911,-3.488348160289541
4,2,linear,local,angle,11,0,0.0004223852800408323,-3.3742912252006465
4,2,linear,local,angle,12,1,0.0004426290660402311,-3.3539600707377017
4,2,linear,local,angle,13,1,0.0003802905246755807,-3.419884495341441
4,2,linear,local,angle,14,1,0.0004303262464659896,-3.366202164612943
4,2,linear,local,angle,15,1,0.0004194857851536069,-3.377282751245164
4,2,linear,local,angle,16,1,0.00028167814604084017,-3.5502468463832093
4,2,linear,local,angle,17,1,0.00039262633644812146,-3.406020572309945
4,2,linear,local,angle,18,1,0.0005086403179880383,-3.293589217920166
4,2,linear,local,angle,19,1,0.0005294299681141724,-3.2761914793205453
4,2,linear,local,angle,20,1,0.00045363702430324036,-3.3432915070375464
4,2,linear,local,angle,21,1,0.00039490532092542217,-3.4035070145719355
4,2,linear,local,angle,22,1,0.00040501840608164654,-3.3925252398024828
4,2,linear,local,angle,23,1,0.0005962063641067351,-3.224603392473657
4,2,linear,global,angle,0,0,0.00016197152705235828,-3.7905613233021707
4,2,linear,global,angle,1,0,0.00018531659199786917,-3.732085695141282
4,2,linear,global,angle,2,0,0.00024226237061636627,-3.6157140373803722
4,2,linear,global,angle,3,0,0.0002228870780095101,-3.6519151092310214
4,2,linear,global,angle,4,0,0.0003239108622983117,-3.489574487750498
4,2,linear,global,angle,5,0,0.00022676916720472997,-3.644415994854662
4,2,linear,global,angle,6,0,0.00018805708773716152,-3.7257102936846516
4,2,linear,global,angle,7,0,0.00022753750783955083,-3.642947002940605
4,2,linear,global,angle,8,0,0.00014697406988164818,-3.8327592795419823
4,2,linear,global,angle,9,0,0.00024007507235419153,-3.6196529315758146
4,2,linear,global,angle,10,0,0.00016241339475559546,-3.7893781559535227
4,2,linear,global,angle,11,0,0.0002111926400204161,-3.6753212208646278
4,2,linear,global,angle,12,1,0.00022131453302011547,-3.654990066401683
4,2,linear,global,angle,13,1,0.0001901452623377903,-3.720914491005422
4,2,linear,global,angle,14,1,0.00021516312323299468,-3.6672321602769244
4,2,linear,global,angle,15,1,0.00020974289257680336,-3.6783127469091452
4,2,linear,global,angle,16,1,0.00014083907302042003,-3.8512768420471906
4,2,linear,global,angle,17,1,0.00019631316822406065,-3.7070505679739267
4,2,linear,global,angle,18,1,0.00025432015899401895,-3.5946192135841475
4,2,linear,global,angle,19,1,0.000264714984057086,-3.577221474984527
4,2,linear,global,angle,20,1,0.00022681851215162018,-3.6443215027015277
4,2,linear,global,angle,21,1,0.00019745266046271103,-3.704537010235917
4,2,linear,global,angle,22,1,0.00020250920304082324,-3.693555235466464
4,2,linear,global,angle,23,1,0.0002981031820533674,-3.525633388137638
4,2,circular,local,angle,0,0,0.0004776507277360364,-3.3208895562381175
4,2,circular,local,angle,1,0,0.0005464948478304513,-3.2624139280772284
4,2,circular,local,angle,2,0,0.0007144267868176521,-3.1460422703163187
4,2,circular,local,angle,3,0,0.0006572894443341679,-3.182243342166968
4,2,circular,local,angle,4,0,0.0009552065224919607,-3.0199027206864444
4,2,circular,local,angle,5,0,0.0006687376461445611,-3.1747442277906086
4,2,circular,local,angle,6,0,0.00055457651383714,-3.2560385266205985
4,2,circular,local,angle,7,0,0.0006710034669962267,-3.1732752358765515
4,2,circular,local,angle,8,0,0.00043342353261016664,-3.3630875124779296
4,2,circular,local,angle,9,0,0.0007079764888812387,-3.149981164511761
4,2,circular,local,angle,10,0,0.0004789537865751745,-3.3197063888894696
4,2,circular,local,angle,11,0,0.0006228027853663296,-3.205649453800574
4,2,circular,local,angle,12,1,0.000652652041253198,-3.18531829933763
4,2,circular,local,angle,13,1,0.0005607344981185859,-3.251242723941369
4,2,circular,local,angle,14,1,0.0006345116593299541,-3.1975603932128713
4,2,circular,local,angle,15,1,0.0006185275097417978,-3.208640979845092
4,2,circular,local,angle,16,1,0.0004153315520704226,-3.3816050749831374
4,2,circular,local,angle,17,1,0.0005789235267015665,-3.2373788009098736
4,2,circular,local,angle,18,1,0.0007499849586660361,-3.124947446520094
4,2,circular,local,angle,19,1,0.000780639085637734,-3.1075497079204735
4,2,circular,local,angle,20,1,0.0006688831633859005,-3.1746497356374745
4,2,circular,local,angle,21,1,0.0005822838660584033,-3.2348652431718636
4,2,circular,local,angle,22,1,0.0005971955069265097,-3.223883468402411
4,2,circular,local,angle,23,1,0.0008791002001369717,-3.055961621073585
4,2,circular,global,angle,0,0,0.00023882536386801812,-3.621919551902099
4,2,circular,global,angle,1,0,0.00027324742391522563,-3.5634439237412097
4,2,circular,global,angle,2,0,0.00035721339340882597,-3.4470722659803
4,2,circular,global,angle,3,0,0.0003286447221670839,-3.483273337830949
4,2,circular,global,angle,4,0,0.0004776032612459803,-3.3209327163504256
4,2,circular,global,angle,5,0,0.00033436882307228056,-3.47577422345459
4,2,circular,global,angle,6,0,0.00027728825691856996,-3.5570685222845797
4,2,circular,global,angle,7,0,0.00033550173349811336,-3.4743052315405327
4,2,circular,global,angle,8,0,0.00021671176630508326,-3.664117508141911
4,2,circular,global,angle,9,0,0.0003539882444406193,-3.4510111601757423
4,2,circular,global,angle,10,0,0.00023947689328758726,-3.6207363845534504
4,2,circular,global,angle,11,0,0.0003114013926831647,-3.506679449464556
4,2,circular,global,angle,12,1,0.0003263260206265989,-3.486348295001611
4,2,circular,global,angle,13,1,0.00028036724905929284,-3.5522727196053507
4,2,circular,global,angle,14,1,0.000317255829664977,-3.4985903888768526
4,2,circular,global,angle,15,1,0.0003092637548708988,-3.509670975509074
4,2,circular,global,angle,16,1,0.00020766577603521124,-3.6826350706471187
4,2,circular,global,angle,17,1,0.00028946176335078327,-3.538408796573855
4,2,circular,global,angle,18,1,0.00037499247933301793,-3.425977442184075
4,2,circular,global,angle,19,1,0.0003903195428188667,-3.408579703584455
4,2,circular,global,angle,20,1,0.0003344415816929502,-3.475679731301456
4,2,circular,global,angle,21,1,0.0002911419330292015,-3.5358952388358453
4,2,circular,global,angle,22,1,0.0002985977534632548,-3.524913464066392
4,2,circular,global,angle,23,1,0.0004395501000684857,-3.356991616737566
4,4,linear,local,angle,0,0,0.00016197152705235828,-3.7905613233021707
4,4,linear,local,angle,1,0,0.00018531659199786917,-3.732085695141282
4,4,linear,local,angle,2,0,0.00024226237061636627,-3.6157140373803722
4,4,linear,local,angle,3,0,0.0002228870780095101,-3.6519151092310214
4,4,linear,local,angle,4,0,0.0003239108622983117,-3.489574487750498
4,4,linear,local,angle,5,0,0.00022676916720472997,-3.644415994854662
4,4,linear,local,angle,6,0,0.00018805708773716152,-3.7257102936846516
4,4,linear,local,angle,7,0,0.00022753750783955083,-3.642947002940605
4,4,linear,local,angle,8,0,0.00014697406988164818,-3.8327592795419823
4,4,linear,local,angle,9,0,0.00024007507235419153,-3.6196529315758146
4,4,linear,local,angle,10,0,0.00016241339475559546,-3.7893781559535227
4,4,linear,local,angle,11,0,0.0002111926400204161,-3.6753212208646278
4,4,linear,local,angle,12,1,0.00022131453302011547,-3.654990066401683
4,4,linear,local,angle,13,1,0.0001901452623377903,-3.720914491005422
4,4,linear,local,angle,14,1,0.00021516312323299468,-3.6672321602769244
4,4,linear,local,angle,15,1,0.00020974289257680336,-3.6783127469091452
4,4,linear,local,angle,16,1,0.00014083907302042003,-3.8512768420471906
4,4,linear,local,angle,17,1,0.00019631316822406065,-3.7070505679739267
4,4,linear,local,angle,18,1,0.00025432015899401895,-3.5946192135841475
4,4,linear,local,angle,19,1,0.000264714984057086,-3.577221474984527
4,4,linear,local,angle,20,1,0.00022681851215162018,-3.6443215027015277
4,4,linear,local,angle,21,1,0.00019745266046271103,-3.704537010235917
4,4,linear,local,angle,22,1,0.00020250920304082324,-3.693555235466464
4,4,linear,local,angle,23,1,0.0002981031820533674,-3.525633388137638
4,4,linear,local,angle,24,2,0.00017442448505710604,-3.7583925504883484
4,4,linear,local,angle,25,2,0.0001815491980132012,-3.7410056652264982
4,4,linear,local,angle,26,2,0.00010850071747572419,-3.964567389974736
4,4,linear,local,angle,27,2,0.0003391256681711795,-3.4696393375494914
4,4,linear,local,angle,28,2,0.00019211306615852332,-3.716443096525238
4,4,linear,local,angle,29,2,0.00018214688276817857,-3.7395782568028677
4,4,linear,local,angle,30,2,9.405320010603689e-05,-4.026626423242261
4,4,linear,local,angle,31,2,8.384137435069458e-05,-4.076541611228302
4,4,linear,local,angle,32,2,0.00013117469516251998,-3.8821499363874032
4,4,linear,local,angle,33,2,0.0002372297254291915,-3.6248308938025655
4,4,linear,local,angle,34,2,0.0003170244753322103,-3.4989072075254826
4,4,linear,local,angle,35,2,0.00016712695863101541,-3.7769534900207136
4,4,linear,local,angle,36,3,0.0002032147842369302,-3.6920446995428766
4,4,linear,local,angle,37,3,0.00021653825168522155,-3.6644653740061246
4,4,linear,local,angle,38,3,0.00019819812569145926,-3.702900456842194
4,4,linear,local,angle,39,3,0.00023075570458276558,-3.636847553841841
4,4,linear,local,angle,40,3,0.00024767416839047363,-3.606119286552974
4,4,linear,local,angle,41,3,0.00035878958215517415,-3.4451601756563908
4,4,linear,local,angle,42,3,0.0002151340950778138,-3.6672907559038426
4,4,linear,local,angle,43,3,0.0003403743334280976,-3.4680431961515237
4,4,linear,local,angle,44,3,0.000215181037042314,-3.6671960037805205
4,4,linear,local,angle,45,3,0.000282893028237896,-3.5483777553889615
4,4,linear,local,angle,46,3,0.00026164828801196515,-3.5822821025424663
4,4,linear,local,angle,47,3,0.000192603542148099,-3.7153357300815375
4,4,linear,global,angle,0,0,4.049288176308957e-05,-4.392621314630134
4,4,linear,global,angle,1,0,4.632914799946729e-05,-4.3341456864692445
4,4,linear,global,angle,2,0,6.056559265409157e-05,-4.217774028708335
4,4,linear,global,angle,3,0,5.5721769502377526e-05,-4.253975100558984
4,4,linear,global,angle,4,0,8.097771557457793e-05,-4.0916344790784605
4,4,linear,global,angle,5,0,5.669229180118249e-05,-4.246475986182625
4,4,linear,global,angle,6,0,4.701427193429038e-05,-4.327770285012614
4,4,linear,global,angle,7,0,5.688437695988771e-05,-4.245006994268567
4,4,linear,global,angle,8,0,3.6743517470412044e-05,-4.434819270869945
4,4,linear,global,angle,9,0,6.0018768088547884e-05,-4.221712922903777
4,4,linear,global,angle,10,0,4.0603348688898865e-05,-4.391438147281485
4,4,linear,global,angle,11,0,5.279816000510403e-05,-4.27738121219259
4,4,linear,global,angle,12,1,5.532863325502887e-05,-4.2570500577296455
4,4,linear,global,angle,13,1,4.753631558444757e-05,-4.322974482333385
4,4,linear,global,angle,14,1,5.379078080824867e-05,-4.269292151604887
4,4,linear,global,angle,15,1,5.243572314420084e-05,-4.280372738237108
4,4,linear,global,angle,16,1,3.520976825510501e-05,-4.453336833375153
4,4,linear,global,angle,17,1,4.907829205601516e-05,-4.309110559301889
4,4,linear,global,angle,18,1,6.358003974850474e-05,-4.19667920491211
4,4,linear,global,angle,19,1,6.61787460142715e-05,-4.1792814663124895
4,4,linear,global,angle,20,1,5.6704628037905045e-05,-4.24638149402949
4,4,linear,global,angle,21,1,4.936316511567776e-05,-4.30659700156388
4,4,linear,global,angle,22,1,5.062730076020581e-05,-4.2956152267944265
4,4,linear,global,angle,23,1,7.452579551334185e-05,-4.1276933794656
4,4,linear,global,angle,24,2,4.360612126427651e-05,-4.3604525418163105
4,4,linear,global,angle,25,2,4.53872995033003e-05,-4.343065656554461
4,4,linear,global,angle,26,2,2.7125179368931046e-05,-4.566627381302698
4,4,linear,global,angle,27,2,8.478141704279487e-05,-4.071699328877454
4,4,linear,global,angle,28,2,4.802826653963083e-05,-4.3185030878532
4,4,linear,global,angle,29,2,4.553672069204464e-05,-4.34163824813083
4,4,linear,global,angle,30,2,2.351330002650922e-05,-4.628686414570223
4,4,linear,global,angle,31,2,2.0960343587673645e-05,-4.678601602556265
4,4,linear,global,angle,32,2,3.2793673790629996e-05,-4.484209927715366
4,4,linear,global,angle,33,2,5.9307431357297876e-05,-4.226890885130528
4,4,linear,global,angle,34,2,7.925611883305257e-05,-4.100967198853445
4,4,linear,global,angle,35,2,4.1781739657753854e-05,-4.379013481348676
4,4,linear,global,angle,36,3,5.080369605923255e-05,-4.294104690870839
4,4,linear,global,angle,37,3,5.413456292130539e-05,-4.266525365334087
4,4,linear,global,angle,38,3,4.9549531422864816e-05,-4.304960448170156
4,4,linear,global,angle,39,3,5.7688926145691395e-05,-4.238907545169804
4,4,linear,global,angle,40,3,6.191854209761841e-05,-4.208179277880936
4,4,linear,global,angle,41,3,8.969739553879354e-05,-4.047220166984353
4,4,linear,global,angle,42,3,5.378352376945345e-05,-4.269350747231805
4,4,linear,global,angle,43,3,8.50935833570244e-05,-4.070103187479486
4,4,linear,global,angle,44,3,5.37952592605785e-05,-4.269255995108483
4,4,linear,global,angle,45,3,7.0723257059474e-05,-4.150437746716924
4,4,linear,global,angle,46,3,6.541207200299129e-05,-4.184342093870429
4,4,linear,global,angle,47,3,4.815088553702475e-05,-4.3173957214095005
4,4,circular,local,angle,0,0,0.00023882536386801812,-3.621919551902099
4,4,circular,local,angle,1,0,0.00027324742391522563,-3.5634439237412097
4,4,circular,local,angle,2,0,0.00035721339340882597,-3.4470722659803
4,4,circular,local,angle,3,0,0.0003286447221670839,-3.483273337830949
4,4,circular,local,angle,4,0,0.0004776032612459803,-3.3209327163504256
4,4,circular,local,angle,5,0,0.00033436882307228056,-3.47577422345459
4,4,circular,local,angle,6,0,0.00027728825691856996,-3.5570685222845797
4,4,circular,local,angle,7,0,0.00033550173349811336,-3.4743052315405327
4,4,circular,local,angle,8,0,0.00021671176630508326,-3.664117508141911
4,4,circular,local,angle,9,0,0.0003539882444406193,-3.4510111601757423
4,4,circular,local,angle,10,0,0.00023947689328758726,-3.6207363845534504
4,4,circular,local,angle,11,0,0.0003114013926831647,-3.506679449464556
4,4,circular,local,angle,12,1,0.0003263260206265989,-3.486348295001611
4,4,circular,local,angle,13,1,0.00028036724905929284,-3.5522727196053507
4,4,circular,local,angle,14,1,0.000317255829664977,-3.4985903888768526
4,4,circular,local,angle,15,1,0.0003092637548708988,-3.509670975509074
4,4,circular,local,angle,16,1,0.00020766577603521124,-3.6826350706471187
4,4,circular,local,angle,17,1,0.00028946176335078327,-3.538408796573855
4,4,circular,local,angle,18,1,0.00037499247933301793,-3.425977442184075
4,4,circular,local,angle,19,1,0.0003903195428188667,-3.408579703584455
4,4,circular,local,angle,20,1,0.0003344415816929502,-3.475679731301456
4,4,circular,local,angle,21,1,0.0002911419330292015,-3.5358952388358453
4,4,circular,local,angle,22,1,0.0002985977534632548,-3.524913464066392
4,4,circular,local,angle,23,1,0.0004395501000684857,-3.356991616737566
4,4,circular,local,angle,24,2,0.0002571871233750187,-3.589750779088276
4,4,circular,local,angle,25,2,0.00026769243992762844,-3.5723638938264264
4,4,circular,local,angle,26,2,0.00015998320076777707,-3.795925618574664
4,4,circular,local,angle,27,2,0.0005000373372524025,-3.3009975661494195
4,4,circular,local,angle,28,2,0.0002832687557133329,-3.547801325125166
4,4,circular,local,angle,29,2,0.00026857372000001846,-3.5709364854027954
4,4,circular,local,angle,30,2,0.0001386804838298197,-3.8579846518421888
4,4,circular,local,angle,31,2,0.0001236232509558711,-3.90789983982823
4,4,circular,local,angle,32,2,0.0001934157494998382,-3.7135081649873314
4,4,circular,local,angle,33,2,0.00034979280943385905,-3.4561891224024937
4,4,circular,local,angle,34,2,0.00046744935393371837,-3.3302654361254103
4,4,circular,local,angle,35,2,0.0002464269951243035,-3.6083117186206417
4,4,circular,local,angle,36,3,0.00029963812573710646,-3.5234029281428043
4,4,circular,local,angle,37,3,0.0003192834425358625,-3.4958236026060527
4,4,circular,local,angle,38,3,0.0002922411139022027,-3.534258685442122
4,4,circular,local,angle,39,3,0.00034024693175724124,-3.4682057824417694
4,4,circular,local,angle,40,3,0.0003651930340043209,-3.437477515152902
4,4,circular,local,angle,41,3,0.0005290315777696193,-3.276518404256319
4,4,circular,local,angle,42,3,0.00031721302794636836,-3.4986489845037707
4,4,circular,local,angle,43,3,0.000501878481432246,-3.299401424751452
4,4,circular,local,angle,44,3,0.0003172822433940244,-3.4985542323804486
4,4,circular,local,angle,45,3,0.0004171228834732244,-3.3797359839888896
4,4,circular,local,angle,46,3,0.0003857977307931529,-3.4136403311423944
4,4,circular,local,angle,47,3,0.0002839919575551053,-3.5466939586814656
4,4,circular,global,angle,0,0,5.970634096700453e-05,-4.223979543230062
4,4,circular,global,angle,1,0,6.831185597880641e-05,-4.165503915069173
4,4,circular,global,angle,2,0,8.930334835220649e-05,-4.049132257308263
4,4,circular,global,angle,3,0,8.216118054177097e-05,-4.085333329158912
4,4,circular,global,angle,4,0,0.00011940081531149508,-3.922992707678388
4,4,circular,global,angle,5,0,8.359220576807014e-05,-4.077834214782552
4,4,circular,global,angle,6,0,6.932206422964249e-05,-4.159128513612542
4,4,circular,global,angle,7,0,8.387543337452834e-05,-4.076365222868495
4,4,circular,global,angle,8,0,5.4177941576270816e-05,-4.266177499469873
4,4,circular,global,angle,9,0,8.849706111015482e-05,-4.053071151503705
4,4,circular,global,angle,10,0,5.9869223321896815e-05,-4.222796375881413
4,4,circular,global,angle,11,0,7.785034817079117e-05,-4.108739440792518
4,4,circular,global,angle,12,1,8.158150515664972e-05,-4.088408286329574
4,4,circular,global,angle,13,1,7.009181226482321e-05,-4.154332710933313
4,4,circular,global,angle,14,1,7.931395741624424e-05,-4.100650380204815
4,4,circular,global,angle,15,1,7.73159387177247e-05,-4.111730966837036
4,4,circular,global,angle,16,1,5.191644400880281e-05,-4.284695061975081
4,4,circular,global,angle,17,1,7.236544083769582e-05,-4.140468787901817
4,4,circular,global,angle,18,1,9.374811983325448e-05,-4.028037433512038
4,4,circular,global,angle,19,1,9.757988570471668e-05,-4.010639694912418
4,4,circular,global,angle,20,1,8.361039542323755e-05,-4.077739722629418
4,4,circular,global,angle,21,1,7.278548325730038e-05,-4.137955230163808
4,4,circular,global,angle,22,1,7.46494383658137e-05,-4.126973455394355
4,4,circular,global,angle,23,1,0.00010988752501712143,-3.9590516080655287
4,4,circular,global,angle,24,2,6.429678084375467e-05,-4.191810770416239
4,4,circular,global,angle,25,2,6.692310998190711e-05,-4.174423885154389
4,4,circular,global,angle,26,2,3.999580019194427e-05,-4.397985609902626
4,4,circular,global,angle,27,2,0.00012500933431310062,-3.903057557477382
4,4,circular,global,angle,28,2,7.081718892833322e-05,-4.149861316453128
4,4,circular,global,angle,29,2,6.714343000000461e-05,-4.172996476730758
4,4,circular,global,angle,30,2,3.467012095745493e-05,-4.460044643170151
4,4,circular,global,angle,31,2,3.090581273896778e-05,-4.509959831156193
4,4,circular,global,angle,32,2,4.835393737495955e-05,-4.315568156315294
4,4,circular,global,angle,33,2,8.744820235846476e-05,-4.058249113730456
4,4,circular,global,angle,34,2,0.00011686233848342959,-3.9323254274533728
4,4,circular,global,angle,35,2,6.160674878107587e-05,-4.210371709948604
4,4,circular,global,angle,36,3,7.490953143427661e-05,-4.125462919470767
4,4,circular,global,angle,37,3,7.982086063396563e-05,-4.097883593934015
4,4,circular,global,angle,38,3,7.306027847555068e-05,-4.136318676770085
4,4,circular,global,angle,39,3,8.506173293931031e-05,-4.070265773769732
4,4,circular,global,angle,40,3,9.129825850108022e-05,-4.0395375064808645
4,4,circular,global,angle,41,3,0.00013225789444240482,-3.8785783955842814
4,4,circular,global,angle,42,3,7.930325698659209e-05,-4.100708975831733
4,4,circular,global,angle,43,3,0.0001254696203580615,-3.901461416079414
4,4,circular,global,angle,44,3,7.93205608485061e-05,-4.100614223708411
4,4,circular,global,angle,45,3,0.0001042807208683061,-3.9817959753168517
4,4,circular,global,angle,46,3,9.644943269828822e-05,-4.015700322470357
4,4,circular,global,angle,47,3,7.099798938877632e-05,-4.148753950009428
4,6,linear,local,angle,0,0,8.098576352617916e-05,-4.091591318966152
4,6,linear,local,angle,1,0,9.265829599893462e-05,-4.033115690805263
4,6,linear,local,angle,2,0,0.0001211311853081832,-3.916744033044353
4,6,linear,local,angle,3,0,0.0001114435390047551,-3.952945104895002
4,6,linear,local,angle,4,0,0.0001619554311491559,-3.7906044834144788
4,6,linear,local,angle,5,0,0.00011338458360236501,-3.945445990518643
4,6,linear,local,angle,6,0,9.402854386858082e-05,-4.026740289348632
4,6,linear,local,angle,7,0,0.00011376875391977547,-3.943976998604586
4,6,linear,local,angle,8,0,7.348703494082412e-05,-4.133789275205963
4,6,linear,local,angle,9,0,0.00012003753617709581,-3.9206829272397954
4,6,linear,local,angle,10,0,8.120669737779777e-05,-4.0904081516175035
4,6,linear,local,angle,11,0,0.00010559632001020808,-3.9763512165286086
4,6,linear,local,angle,12,1,0.00011065726651005778,-3.9560200620656643
4,6,linear,local,angle,13,1,9.507263116889517e-05,-4.021944486669404
4,6,linear,local,angle,14,1,0.0001075815616164974,-3.9682621559409053
4,6,linear,local,angle,15,1,0.00010487144628840172,-3.9793427425731265
4,6,linear,local,angle,16,1,7.041953651021004e-05,-4.152306837711172
4,6,linear,local,angle,17,1,9.815658411203036e-05,-4.0080805636379075
4,6,linear,local,angle,18,1,0.00012716007949700958,-3.8956492092481283
4,6,linear,local,angle,19,1,0.0001323574920285431,-3.878251470648508
4,6,linear,local,angle,20,1,0.00011340925607581009,-3.945351498365509
4,6,linear,local,angle,21,1,9.872633023135554e-05,-4.0055670058998984
4,6,linear,local,angle,22,1,0.00010125460152041164,-3.9945852311304453
4,6,linear,local,angle,23,1,0.00014905159102668376,-3.826663383801619
4,6,linear,local,angle,24,2,8.721224252855307e-05,-4.059422546152329
4,6,linear,local,angle,25,2,9.077459900660062e-05,-4.0420356608904795
4,6,linear,local,angle,26,2,5.425035873786212e-05,-4.265597385638717
4,6,linear,local,angle,27,2,0.00016956283408558982,-3.770669333213472
4,6,linear,local,angle,28,2,9.605653307926169e-05,-4.017473092189219
4,6,linear,local,angle,29,2,9.107344138408931e-05,-4.040608252466849
4,6,linear,local,angle,30,2,4.702660005301845e-05,-4.327656418906241
4,6,linear,local,angle,31,2,4.192068717534732e-05,-4.377571606892283
4,6,linear,local,angle,32,2,6.558734758126002e-05,-4.1831799320513845
4,6,linear,local,angle,33,2,0.00011861486271459582,-3.9258608894665468
4,6,linear,local,angle,34,2,0.00015851223766610522,-3.7999372031894634
4,6,linear,local,angle,35,2,8.356347931550775e-05,-4.077983485684695
4,6,linear,local,angle,36,3,0.00010160739211846514,-3.9930746952068574
4,6,linear,local,angle,37,3,0.00010826912584261084,-3.9654953696701054
4,6,linear,local,angle,38,3,9.909906284572969e-05,-4.003930452506175
4,6,linear,local,angle,39,3,0.00011537785229138289,-3.937877549505822
4,6,linear,local,angle,40,3,0.00012383708419523682,-3.907149282216955
4,6,linear,local,angle,41,3,0.00017939479107758716,-3.746190171320372
4,6,linear,local,angle,42,3,0.00010756704753890692,-3.968320751567824
4,6,linear,local,angle,43,3,0.00017018716671404885,-3.7690731918155045
4,6,linear,local,angle,44,3,0.00010759051852115705,-3.9682259994445017
4,6,linear,local,angle,45,3,0.00014144651411894803,-3.8494077510529427
4,6,linear,local,angle,46,3,0.00013082414400598263,-3.883312098206447
4,6,linear,local,angle,47,3,9.630177107404955e-05,-4.016365725745518
4,6,linear,local,angle,48,4,5.7913670269967864e-05,-4.237218910848287
4,6,linear,local,angle,49,4,9.524539715784551e-05,-4.021156002920057
4,6,linear,local,angle,50,4,7.208106147153204e-05,-4.142178826526291
4,6,linear,local,angle,51,4,0.0001249478342323403,-3.9032712672613834
4,6,linear,local,angle,52,4,9.850468748801464e-05,-4.006543102479638
4,6,linear,local,angle,53,4,9.784308943833504e-05,-4.009469842717089
4,6,linear,local,angle,54,4,0.00010023129499568167,-3.9989966584894034
4,6,linear,local,angle,55,4,0.00016603552077390667,-3.7797989913222763
4,6,linear,local,angle,56,4,0.00011176720804556529,-3.9516855976466534
4,6,linear,local,angle,57,4,7.757797159726813e-05,-4.110261579925831
4,6,linear,local,angle,58,4,7.497605621507189e-05,-4.125077407460447
4,6,linear,local,angle,59,4,0.00012208130734661616,-3.9133508285833196
4,6,linear,local,angle,60,5,9.529928308927755e-05,-4.02091036642927
4,6,linear,local,angle,61,5,9.989084120232695e-05,-4.000474329568158
4,6,linear,local,angle,62,5,0.00010010158086579647,-3.999559063820674
4,6,linear,local,angle,63,5,6.935963702282652e-05,-4.158893188302838
4,6,linear,local,angle,64,5,8.948019279949522e-05,-4.048273088816951
4,6,linear,local,angle,65,5,9.885625452034507e-05,-4.004995848173857
4,6,linear,local,angle,66,5,0.00013526914987218108,-3.8688012393814764
4,6,linear,local,angle,67,5,8.319409739406108e-05,-4.079907485730007
4,6,linear,local,angle,68,5,9.19041920470147e-05,-4.036664678588161
4,6,linear,local,angle,69,5,0.00010424703436191713,-3.9819362910647524
4,6,linear,local,angle,70,5,9.250521315287092e-05,-4.033833791804442
4,6,linear,local,angle,71,5,0.00010615535840984606,-3.9740580790383153
4,6,linear,global,angle,0,0,1.0123220440772393e-05,-4.994681305958095
4,6,linear,global,angle,1,0,1.1582286999866823e-05,-4.936205677797207
4,6,linear,global,angle,2,0,1.5141398163522892e-05,-4.819834020036297
4,6,linear,global,angle,3,0,1.3930442375594381e-05,-4.856035091886946
4,6,linear,global,angle,4,0,2.024442889364448e-05,-4.693694470406423
4,6,linear,global,angle,5,0,1.4173072950295623e-05,-4.848535977510587
4,6,linear,global,angle,6,0,1.1753567983572595e-05,-4.929830276340576
4,6,linear,global,angle,7,0,1.4221094239971927e-05,-4.84706698559653
4,6,linear,global,angle,8,0,9.185879367603011e-06,-5.036879262197907
4,6,linear,global,angle,9,0,1.5004692022136971e-05,-4.823772914231739
4,6,linear,global,angle,10,0,1.0150837172224716e-05,-4.993498138609447
4,6,linear,global,angle,11,0,1.3199540001276007e-05,-4.879441203520552
4,6,linear,global,angle,12,1,1.3832158313757217e-05,-4.859110049057608
4,6,linear,global,angle,13,1,1.1884078896111893e-05,-4.925034473661347
4,6,linear,global,angle,14,1,1.3447695202062167e-05,-4.8713521429328495
4,6,linear,global,angle,15,1,1.310893078605021e-05,-4.88243272956507
4,6,linear,global,angle,16,1,8.802442063776252e-06,-5.055396824703116
4,6,linear,global,angle,17,1,1.226957301400379e-05,-4.911170550629851
4,6,linear,global,angle,18,1,1.5895009937126184e-05,-4.7987391962400725
4,6,linear,global,angle,19,1,1.6544686503567876e-05,-4.781341457640452
4,6,linear,global,angle,20,1,1.4176157009476261e-05,-4.848441485357452
4,6,linear,global,angle,21,1,1.234079127891944e-05,-4.908656992891842
4,6,linear,global,angle,22,1,1.2656825190051453e-05,-4.897675218122389
4,6,linear,global,angle,23,1,1.8631448878335464e-05,-4.729753370793563
4,6,linear,global,angle,24,2,1.0901530316069127e-05,-4.962512533144273
4,6,linear,global,angle,25,2,1.1346824875825075e-05,-4.945125647882423
4,6,linear,global,angle,26,2,6.781294842232762e-06,-5.168687372630661
4,6,linear,global,angle,27,2,2.1195354260698718e-05,-4.673759320205416
4,6,linear,global,angle,28,2,1.2007066634907707e-05,-4.9205630791811625
4,6,linear,global,angle,29,2,1.138418017301116e-05,-4.943698239458792
4,6,linear,global,angle,30,2,5.878325006627305e-06,-5.230746405898185
4,6,linear,global,angle,31,2,5.240085896918411e-06,-5.2806615938842265
4,6,linear,global,angle,32,2,8.198418447657499e-06,-5.086269919043328
4,6,linear,global,angle,33,2,1.4826857839324469e-05,-4.8289508764584905
4,6,linear,global,angle,34,2,1.9814029708263143e-05,-4.703027190181407
4,6,linear,global,angle,35,2,1.0445434914438463e-05,-4.981073472676639
4,6,linear,global,angle,36,3,1.2700924014808138e-05,-4.896164682198801
4,6,linear,global,angle,37,3,1.3533640730326347e-05,-4.86858535666205
4,6,linear,global,angle,38,3,1.2387382855716204e-05,-4.907020439498119
4,6,linear,global,angle,39,3,1.4422231536422849e-05,-4.840967536497766
4,6,linear,global,angle,40,3,1.5479635524404602e-05,-4.810239269208899
4,6,linear,global,angle,41,3,2.2424348884698384e-05,-4.649280158312315
4,6,linear,global,angle,42,3,1.3445880942363363e-05,-4.871410738559767
4,6,linear,global,angle,43,3,2.12733958392561e-05,-4.672163178807448
4,6,linear,global,angle,44,3,1.3448814815144626e-05,-4.8713159864364455
4,6,linear,global,angle,45,3,1.76808142648685e-05,-4.7524977380448865
4,6,linear,global,angle,46,3,1.6353018000747822e-05,-4.786402085198391
4,6,linear,global,angle,47,3,1.2037721384256187e-05,-4.919455712737462
4,6,linear,global,angle,48,4,7.23920878374598e-06,-5.140308897840231
4,6,linear,global,angle,49,4,1.1905674644730684e-05,-4.924245989912
4,6,linear,global,angle,50,4,9.010132683941503e-06,-5.045268813518235
4,6,linear,global,angle,51,4,1.5618479279042535e-05,-4.806361254253328
4,6,linear,global,angle,52,4,1.2313085936001825e-05,-4.909633089471582
4,6,linear,global,angle,53,4,1.2230386179791871e-05,-4.912559829709033
4,6,linear,global,angle,54,4,1.2528911874460204e-05,-4.902086645481347
4,6,linear,global,angle,55,4,2.0754440096738327e-05,-4.68288897831422
4,6,linear,global,angle,56,4,1.3970901005695656e-05,-4.854775584638597
4,6,linear,global,angle,57,4,9.697246449658513e-06,-5.013351566917775
4,6,linear,global,angle,58,4,9.37200702688398e-06,-5.028167394452391
4,6,linear,global,angle,59,4,1.5260163418327013e-05,-4.816440815575263
4,6,linear,global,angle,60,5,1.1912410386159687e-05,-4.924000353421214
4,6,linear,global,angle,61,5,1.248635515029086e-05,-4.903564316560102
4,6,linear,global,angle,62,5,1.2512697608224552e-05,-4.902649050812618
4,6,linear,global,angle,63,5,8.669954627853314e-06,-5.061983175294781
4,6,linear,global,angle,64,5,1.1185024099936899e-05,-4.951363075808895
4,6,linear,global,angle,65,5,1.2357031815043125e-05,-4.9080858351658
4,6,linear,global,angle,66,5,1.6908643734022625e-05,-4.771891226373421
4,6,linear,global,angle,67,5,1.0399262174257628e-05,-4.982997472721951
4,6,linear,global,angle,68,5,1.148802400587683e-05,-4.939754665580105
4,6,linear,global,angle,69,5,1.3030879295239636e-05,-4.885026278056697
4,6,linear,global,angle,70,5,1.1563151644108858e-05,-4.936923778796386
4,6,linear,global,angle,71,5,1.3269419801230753e-05,-4.8771480660302595
4,6,circular,local,angle,0,0,0.0001194126819340091,-3.92294954756608
4,6,circular,local,angle,1,0,0.00013662371195761282,-3.864473919405191
4,6,circular,local,angle,2,0,0.00017860669670441304,-3.748102261644281
4,6,circular,local,angle,3,0,0.00016432236108354198,-3.7843033334949303
4,6,circular,local,angle,4,0,0.00023880163062299018,-3.621962712014407
4,6,circular,local,angle,5,0,0.00016718441153614028,-3.776804219118571
4,6,circular,local,angle,6,0,0.000138644128459285,-3.8580985179485605
4,6,circular,local,angle,7,0,0.00016775086674905668,-3.775335227204514
4,6,circular,local,angle,8,0,0.00010835588315254166,-3.9651475038058916
4,6,circular,local,angle,9,0,0.00017699412222030967,-3.7520411558397235
4,6,circular,local,angle,10,0,0.00011973844664379363,-3.9217663802174316
4,6,circular,local,angle,11,0,0.0001557006963415824,-3.8077094451285367
4,6,circular,local,angle,12,1,0.0001631630103132995,-3.7873782906655924
4,6,circular,local,angle,13,1,0.00014018362452964647,-3.8533027152693315
4,6,circular,local,angle,14,1,0.00015862791483248852,-3.799620384540834
4,6,circular,local,angle,15,1,0.00015463187743544946,-3.8107009711730546
4,6,circular,local,angle,16,1,0.00010383288801760565,-3.9836650663110995
4,6,circular,local,angle,17,1,0.00014473088167539164,-3.839438792237836
4,6,circular,local,angle,18,1,0.00018749623966650902,-3.7270074378480564
4,6,circular,local,angle,19,1,0.0001951597714094335,-3.709609699248436
4,6,circular,local,angle,20,1,0.00016722079084647513,-3.776709726965437
4,6,circular,local,angle,21,1,0.00014557096651460083,-3.836925234499826
4,6,circular,local,angle,22,1,0.00014929887673162742,-3.8259434597303734
4,6,circular,local,angle,23,1,0.00021977505003424293,-3.658021612401547
4,6,circular,local,angle,24,2,0.00012859356168750936,-3.8907807747522574
4,6,circular,local,angle,25,2,0.00013384621996381424,-3.873393889490407
4,6,circular,local,angle,26,2,7.999160038388853e-05,-4.096955614238645
4,6,circular,local,angle,27,2,0.0002500186686262013,-3.6020275618134003
4,6,circular,local,angle,28,2,0.0001416343778566665,-3.8488313207891474
4,6,circular,local,angle,29,2,0.00013428686000000926,-3.8719664810667767
4,6,circular,local,angle,30,2,6.934024191490988e-05,-4.15901464750617
4,6,circular,local,angle,31,2,6.181162547793558e-05,-4.208929835492211
4,6,circular,local,angle,32,2,9.670787474991914e-05,-4.014538160651313
4,6,circular,local,angle,33,2,0.00017489640471692953,-3.757219118066475
4,6,circular,local,angle,34,2,0.00023372467696685918,-3.6312954317893915
4,6,circular,local,angle,35,2,0.00012321349756215175,-3.909341714284623
4,6,circular,local,angle,36,3,0.00014981906286855326,-3.8244329238067856
4,6,circular,local,angle,37,3,0.0001596417212679313,-3.7968535982700335
4,6,circular,local,angle,38,3,0.00014612055695110138,-3.8352886811061033
4,6,circular,local,angle,39,3,0.00017012346587862064,-3.76923577810575
4,6,circular,local,angle,40,3,0.0001825965170021605,-3.7385075108168833
4,6,circular,local,angle,41,3,0.0002645157888848097,-3.5775483999202997
4,6,circular,local,angle,42,3,0.00015860651397318424,-3.7996789801677515
4,6,circular,local,angle,43,3,0.0002509392407161231,-3.6004314204154326
4,6,circular,local,angle,44,3,0.0001586411216970122,-3.79958422804443
4,6,circular,local,angle,45,3,0.00020856144173661225,-3.6807659796528704
4,6,circular,local,angle,46,3,0.00019289886539657647,-3.714670326806375
4,6,circular,local,angle,47,3,0.00014199597877755267,-3.847723954345447
4,6,circular,local,angle,48,4,8.539311585724855e-05,-4.068577139448215
4,6,circular,local,angle,49,4,0.00014043836621743545,-3.8525142315199847
4,6,circular,local,angle,50,4,0.0001062827896187386,-3.9735370551262195
4,6,circular,local,angle,51,4,0.0001842343065976855,-3.7346294958613115
4,6,circular,local,angle,52,4,0.0001452441565512053,-3.837901331079566
4,6,circular,local,angle,53,4,0.0001442686369779532,-3.8408280713170173
4,6,circular,local,angle,54,4,0.0001477900217028164,-3.830354887089331
4,6,circular,local,angle,55,4,0.00024481768114111756,-3.6111572199222044
4,6,circular,local,angle,56,4,0.00016479960778147134,-3.7830438262465815
4,6,circular,local,angle,57,4,0.0001143879275082168,-3.9416198085257594
4,6,circular,local,angle,58,4,0.00011055142982732536,-3.9564356360603754
4,6,circular,local,angle,59,4,0.00018000764195495955,-3.7447090571832478
4,6,circular,local,angle,60,5,0.00014051782047347556,-3.8522685950291975
4,6,circular,local,angle,61,5,0.0001472880260585331,-3.8318325581680863
4,6,circular,local,angle,62,5,0.00014759875954191418,-3.8309172924206023
4,6,circular,local,angle,63,5,0.00010227007703875956,-3.990251416902766
4,6,circular,local,angle,64,5,0.00013193763121966388,-3.8796313174168797
4,6,circular,local,angle,65,5,0.00014576253855295778,-3.8363540767737847
4,6,circular,local,angle,66,5,0.00019945298118908332,-3.7001594679814045
4,6,circular,local,angle,67,5,0.00012266884768818192,-3.911265714329935
4,6,circular,local,angle,68,5,0.00013551179337544512,-3.868022907188089
4,6,circular,local,angle,69,5,0.0001537111884213982,-3.813294519664681
4,6,circular,local,angle,70,5,0.0001363979928631617,-3.86519202040437
4,6,circular,local,angle,71,5,0.00015652499275737507,-3.8054163076382435
4,6,circular,global,angle,0,0,1.4926585241751132e-05,-4.826039534558023
4,6,circular,global,angle,1,0,1.7077963994701602e-05,-4.767563906397134
4,6,circular,global,angle,2,0,2.2325837088051623e-05,-4.6511922486362245
4,6,circular,global,angle,3,0,2.0540295135442744e-05,-4.687393320486874
4,6,circular,global,angle,4,0,2.985020382787377e-05,-4.52505269900635
4,6,circular,global,angle,5,0,2.0898051442017535e-05,-4.679894206110514
4,6,circular,global,angle,6,0,1.7330516057410623e-05,-4.761188504940504
4,6,circular,global,angle,7,0,2.0968858343632085e-05,-4.678425214196458
4,6,circular,global,angle,8,0,1.3544485394067704e-05,-4.868237490797836
4,6,circular,global,angle,9,0,2.2124265277538706e-05,-4.655131142831667
4,6,circular,global,angle,10,0,1.4967305830474204e-05,-4.824856367209375
4,6,circular,global,angle,11,0,1.9462587042697793e-05,-4.7107994321204805
4,6,circular,global,angle,12,1,2.039537628916243e-05,-4.690468277657536
4,6,circular,global,angle,13,1,1.7522953066205802e-05,-4.756392702261276
4,6,circular,global,angle,14,1,1.982848935406106e-05,-4.702710371532778
4,6,circular,global,angle,15,1,1.9328984679431175e-05,-4.713790958164998
4,6,circular,global,angle,16,1,1.2979111002200703e-05,-4.886755053303044
4,6,circular,global,angle,17,1,1.8091360209423954e-05,-4.7425287792297794
4,6,circular,global,angle,18,1,2.343702995831362e-05,-4.63009742484
4,6,circular,global,angle,19,1,2.439497142617917e-05,-4.61269968624038
4,6,circular,global,angle,20,1,2.0902598855809388e-05,-4.67979971395738
4,6,circular,global,angle,21,1,1.8196370814325094e-05,-4.74001522149177
4,6,circular,global,angle,22,1,1.8662359591453424e-05,-4.729033446722317
4,6,circular,global,angle,23,1,2.7471881254280356e-05,-4.561111599393491
4,6,circular,global,angle,24,2,1.6074195210938667e-05,-4.793870761744201
4,6,circular,global,angle,25,2,1.6730777495476777e-05,-4.776483876482351
4,6,circular,global,angle,26,2,9.998950047986067e-06,-5.000045601230589
4,6,circular,global,angle,27,2,3.1252333578275155e-05,-4.5051175488053445
4,6,circular,global,angle,28,2,1.7704297232083305e-05,-4.751921307781091
4,6,circular,global,angle,29,2,1.6785857500001154e-05,-4.77505646805872
4,6,circular,global,angle,30,2,8.667530239363732e-06,-5.062104634498113
4,6,circular,global,angle,31,2,7.726453184741944e-06,-5.112019822484155
4,6,circular,global,angle,32,2,1.2088484343739888e-05,-4.917628147643256
4,6,circular,global,angle,33,2,2.186205058961619e-05,-4.660309105058419
4,6,circular,global,angle,34,2,2.9215584620857398e-05,-4.534385418781335
4,6,circular,global,angle,35,2,1.5401687195268968e-05,-4.812431701276567
4,6,circular,global,angle,36,3,1.8727382858569154e-05,-4.727522910798729
4,6,circular,global,angle,37,3,1.9955215158491407e-05,-4.699943585261978
4,6,circular,global,angle,38,3,1.826506961888767e-05,-4.738378668098047
4,6,circular,global,angle,39,3,2.1265433234827577e-05,-4.672325765097694
4,6,circular,global,angle,40,3,2.2824564625270055e-05,-4.641597497808827
4,6,circular,global,angle,41,3,3.3064473610601204e-05,-4.4806383869122435
4,6,circular,global,angle,42,3,1.9825814246648023e-05,-4.702768967159695
4,6,circular,global,angle,43,3,3.136740508951538e-05,-4.503521407407376
4,6,circular,global,angle,44,3,1.9830140212126525e-05,-4.702674215036374
4,6,circular,global,angle,45,3,2.6070180217076525e-05,-4.583855966644815
4,6,circular,global,angle,46,3,2.4112358174572055e-05,-4.617760313798319
4,6,circular,global,angle,47,3,1.774949734719408e-05,-4.75081394133739
4,6,circular,global,angle,48,4,1.0674139482156067e-05,-4.971667126440159
4,6,circular,global,angle,49,4,1.755479577717943e-05,-4.7556042185119285
4,6,circular,global,angle,50,4,1.3285348702342321e-05,-4.876627042118163
4,6,circular,global,angle,51,4,2.302928832471068e-05,-4.637719482853256
4,6,circular,global,angle,52,4,1.8155519568900658e-05,-4.74099131807151
4,6,circular,global,angle,53,4,1.8033579622244148e-05,-4.743918058308961
4,6,circular,global,angle,54,4,1.8473752712852044e-05,-4.733444874081275
4,6,circular,global,angle,55,4,3.060221014263969e-05,-4.514247206914148
4,6,circular,global,angle,56,4,2.059995097268391e-05,-4.686133813238525
4,6,circular,global,angle,57,4,1.4298490938527095e-05,-4.844709795517703
4,6,circular,global,angle,58,4,1.3818928728415669e-05,-4.859525623052319
4,6,circular,global,angle,59,4,2.2500955244369934e-05,-4.6477990441751915
4,6,circular,global,angle,60,5,1.7564727559184445e-05,-4.755358582021141
4,6,circular,global,angle,61,5,1.8411003257316638e-05,-4.73492254516003
4,6,circular,global,angle,62,5,1.8449844942739272e-05,-4.7340072794125465
4,6,circular,global,angle,63,5,1.2783759629844942e-05,-4.893341403894709
4,6,circular,global,angle,64,5,1.6492203902457985e-05,-4.782721304408823
4,6,circular,global,angle,65,5,1.822031731911972e-05,-4.7394440637657285
4,6,circular,global,angle,66,5,2.4931622648635405e-05,-4.603249454973349
4,6,circular,global,angle,67,5,1.533360596102274e-05,-4.814355701321879
4,6,circular,global,angle,68,5,1.693897417193064e-05,-4.771112894180033
4,6,circular,global,angle,69,5,1.921389855267477e-05,-4.716384506656625
4,6,circular,global,angle,70,5,1.7049749107895214e-05,-4.768282007396314
4,6,circular,global,angle,71,5,1.956562409467188e-05,-4.708506294630188
